episode_number,title,published,episode_url,transcript_available,transcript_file,transcript_source
1,1. Body Shaming and Proprioceptive Fat,"18th September, 2020",https://pilates-elephants.breathe-education.com/episode/episode-1,no,,
2,2. imPostURE Syndrome,"25th September, 2020",https://pilates-elephants.breathe-education.com/episode/episode-2,no,,
3,"3. Educator, Educate Thyself","4th October, 2020",https://pilates-elephants.breathe-education.com/episode/educator,no,,
4,4. Your Brain Is A Liar,"11th October, 2020",https://pilates-elephants.breathe-education.com/episode/your-brain-is-a-liar,no,,
5,5. Good and Bad Muscles,"18th October, 2020",https://pilates-elephants.breathe-education.com/episode/good-and-bad-muscles,no,,
6,6. Is Alignment Important?,"25th October, 2020",https://pilates-elephants.breathe-education.com/episode/is-technique-important,no,,
7,7. The Dangers of Safety Culture,"1st November, 2020",https://pilates-elephants.breathe-education.com/episode/7-the-dangers-of-safety-culture,no,,
8,8. Pregnancy Elephants,"8th November, 2020",https://pilates-elephants.breathe-education.com/episode/8-pregnancy-elephants,no,,
9,9. Hands On Assists?,"15th November, 2020",https://pilates-elephants.breathe-education.com/episode/6-hands-on-assists,no,,
10,10. Fascia-nating,"22nd November, 2020",https://pilates-elephants.breathe-education.com/episode/10-fascia-nating,no,,
11,11. Nonsensical Cues,"29th November, 2020",https://pilates-elephants.breathe-education.com/episode/10-nonsensical-cues,no,,
12,12. Teaching Online,"6th December, 2020",https://pilates-elephants.breathe-education.com/episode/12-teaching-online,no,,
13,13. Cueing Elephants,"13th December, 2020",https://pilates-elephants.breathe-education.com/episode/cueing,no,,
14,14. WTF is Core Stability?,"20th December, 2020",https://pilates-elephants.breathe-education.com/episode/14-core-stability,no,,
15,"15. Industry Bodies: All Cost, No Benefit","27th December, 2020",https://pilates-elephants.breathe-education.com/episode/15-industry-bodies,no,,
16,16. Scoliosis,"3rd January, 2021",https://pilates-elephants.breathe-education.com/episode/15-scoliosis,no,,
17,17. Perfectionism and ImposTER syndrome,"10th January, 2021",https://pilates-elephants.breathe-education.com/episode/17-perfectionism-and-imposter-syndrome,no,,
18,18. Heavy weights bulk you up like a Elephant,"17th January, 2021",https://pilates-elephants.breathe-education.com/episode/18-do-heavy-springs-bulk-you-up,no,,
19,19. Can correcting foot posture fix shoulder pain?,"24th January, 2021",https://pilates-elephants.breathe-education.com/episode/can-correcting-foot-posture-fix-shoulder-pain,no,,
20,20. Navigating difficult professional conversations,"31st January, 2021",https://pilates-elephants.breathe-education.com/episode/navigating-difficult-professional-conversations,no,,
21,21. Stretching... The Truth,"7th February, 2021",https://pilates-elephants.breathe-education.com/episode/flexibility,no,,
22,22. Be Yourself,"14th February, 2021",https://pilates-elephants.breathe-education.com/episode/22-be-yourself,no,,
23,23. Hypermobility,"21st February, 2021",https://pilates-elephants.breathe-education.com/episode/22-hypermobility,no,,
24,24. Caged Lion: The John Steel Interview,"28th February, 2021",https://pilates-elephants.breathe-education.com/episode/24-caged-lion-the-john-steel-interview,no,,
25,25. Radical Candor,"7th March, 2021",https://pilates-elephants.breathe-education.com/episode/25-radical-candour,no,,
26,26. Osteoporosis,"14th March, 2021",https://pilates-elephants.breathe-education.com/episode/26-osteoporosis,no,,
27,27. Headrest Up Or Down?,"21st March, 2021",https://pilates-elephants.breathe-education.com/episode/headrest-up-or-down,no,,
28,28. How to teach movement skills with Gaby Wulf & Rebecca Lewthwaite,"28th March, 2021",https://pilates-elephants.breathe-education.com/episode/28-interview-with-gaby-wulf-rebecca-lewthwaite,no,,
29,29. Scapular Stability?,"4th April, 2021",https://pilates-elephants.breathe-education.com/episode/29-scapular-stability,no,,
30,30. Trolls Just Want to Have Fun,"11th April, 2021",https://pilates-elephants.breathe-education.com/episode/30-trolls-just-want-to-have-fun,no,,
31,31. Pilates For Athletes?,"18th April, 2021",https://pilates-elephants.breathe-education.com/episode/31-pilates-for-athletes,no,,
32,32. Becoming a Movement Optimist,"25th April, 2021",https://pilates-elephants.breathe-education.com/episode/32-becoming-a-movement-optimist,no,,
33,33. Do You Need to Be Perfect to Teach Pilates?,"2nd May, 2021",https://pilates-elephants.breathe-education.com/episode/33-do-you-need-to-be-perfect-to-teach-pilates,no,,
34,34. Does Delayed Onset Muscle Soreness Mean a More Effective Workout? with Raphael Bender and Cloe Bunter,"9th May, 2021",https://pilates-elephants.breathe-education.com/episode/34-does-delayed-onset-muscle-soreness-mean-a-more-effective-workout-with-raphael-bender-and-cloe-bunter,no,,
35,"35. Empowering Postpartum Pilates Practice, with Antony Lo","16th May, 2021",https://pilates-elephants.breathe-education.com/episode/35-empowering-postpartum-pilates-practice-with-antony-lo,no,,
36,"36. Pilates Breathing Cues, with Raphael Bender and Cloe Bunter","23rd May, 2021",https://pilates-elephants.breathe-education.com/episode/36-pilates-breathing-cues-with-raphael-bender-and-cloe-bunter,no,,
37,"37. Pilates for Spondylolisthesis, with Raphael Bender and Cloe Bunter","30th May, 2021",https://pilates-elephants.breathe-education.com/episode/37-pilates-for-spondylolisthesis-with-raphael-bender-and-cloe-bunter,no,,
38,38. What Does Pilates Do For You? with John Garey,"6th June, 2021",https://pilates-elephants.breathe-education.com/episode/38-what-does-pilates-do-for-you-with-john-garey,no,,
40,"40. Pilates Instructor Pay: What You Should be Charging, with Lesley Logan","20th June, 2021",https://pilates-elephants.breathe-education.com/episode/40-pilates-instructor-pay-what-you-should-be-charging-with-lesley-logan,no,,
41,"41. Pilates and Pregnancy: What You Need to Know About Your Pelvic Floor, with Sarah Haag","27th June, 2021",https://pilates-elephants.breathe-education.com/episode/41-pilates-and-pregnancy-what-you-need-to-know-about-your-pelvic-floor-with-sarah-haag,no,,
42,42. Is Pilates Good for Arthritis? with Raphael Bender and Cloe Bunter,"4th July, 2021",https://pilates-elephants.breathe-education.com/episode/42-is-pilates-good-for-arthritis-with-raphael-bender-and-cloe-bunter,no,,
43,"43. Where Should I Be Feeling It? Advice for Instructors and Clients, with Raphael Bender and Cloe Bunter","11th July, 2021",https://pilates-elephants.breathe-education.com/episode/43-where-should-i-be-feeling-it-advice-for-instructors-and-clients-with-raphael-bender-and-cloe-bunter,no,,
44,"44. Your Pilates Questions Answered, with Raphael Bender","18th July, 2021",https://pilates-elephants.breathe-education.com/episode/44-your-pilates-questions-answered-with-raphael-bender,no,,
45,"45. Strategies to Improve Critical Thinking Skills, with Lars Avemarie","25th July, 2021",https://pilates-elephants.breathe-education.com/episode/45-strategies-to-improve-critical-thinking-skills-with-lars-avemarie,no,,
46,"46. How To Run A Successful Pilates Studio And Make Money, with Laura Saggers","1st August, 2021",https://pilates-elephants.breathe-education.com/episode/46-owning-a-pilates-studio-is-hard-what-you-need-to-know-with-laura-saggers,no,,
47,"47. Pelvic Instability: What Pilates Instructors Need to Know, with Raphael Bender and Cloe Bunter","8th August, 2021",https://pilates-elephants.breathe-education.com/episode/47-pelvic-instability-what-pilates-instructors-need-to-know-with-raphael-bender-and-cloe-bunter,no,,
48,"48. It’s Time to Empower Pilates Instructors, with Jenna Zaffino","15th August, 2021",https://pilates-elephants.breathe-education.com/episode/48-empowering-and-inspiring-pilates-instructors-with-jenna-zaffino,no,,
49,49. Can Pilates Really Make Your Muscles Longer and Leaner?,"22nd August, 2021",https://pilates-elephants.breathe-education.com/episode/49-can-you-really-make-muscles-longer-and-leaner-with-raphael-bender-and-cloe-bunter,no,,
50,"50. Pilates for Chronic Pain, with Nick Hannah","29th August, 2021",https://pilates-elephants.breathe-education.com/episode/50-pilates-for-chronic-pain-with-nick-hannah,no,,
51,"51. Living Well With Pain, with Bronnie Lennox Thompson","5th September, 2021",https://pilates-elephants.breathe-education.com/episode/51-living-well-with-pain-with-bronnie-lennox-thompson,no,,
52,"52. How to Foster a Positive Growth Mindset, with Raphael Bender and Cloe Bunter","12th September, 2021",https://pilates-elephants.breathe-education.com/episode/52-how-to-foster-a-positive-growth-mindset-with-raphael-bender-and-cloe-bunter,no,,
53,"53. How to Legally Protect Your Fitness Business, with Cory Sterling","19th September, 2021",https://pilates-elephants.breathe-education.com/episode/53-how-to-legally-protect-your-fitness-business-with-cory-sterling,no,,
54,54. Are Big Classes Unsafe? with Raphael Bender and Cloe Bunter,"26th September, 2021",https://pilates-elephants.breathe-education.com/episode/54-are-big-classes-unsafe-with-raphael-bender-and-cloe-bunter,no,,
55,55. Physio and Rehab - Not What You Think! with Adam Meakins,"3rd October, 2021",https://pilates-elephants.breathe-education.com/episode/55-physio-and-rehab-not-what-you-think-with-adam-meakins,no,,
56,"56. Factors Which Influence Our Experience Of Pain, with Brendan Mouatt","10th October, 2021",https://pilates-elephants.breathe-education.com/episode/56-factors-which-influence-our-experience-of-pain-with-brendan-mouatt,no,,
57,"57. What Studio Owners Are REALLY Looking For When Hiring New Instructors, with Raphael Bender and Cloe Bunter","17th October, 2021",https://pilates-elephants.breathe-education.com/episode/57-what-studio-owners-are-really-looking-for-when-hiring-new-instructors-with-raphael-bender-and-cloe-bunter,no,,
58,"58. How Dance Culture Continues to Influence Pilates, with Josselyn Levinson-Dustin","24th October, 2021",https://pilates-elephants.breathe-education.com/episode/58-how-dance-culture-continues-to-influence-pilates-with-josselyn-levinson-dustin,no,,
59,59. Proper Squat Form- Does it Exist? With Raphael Bender and Cloe Bunter,"31st October, 2021",https://pilates-elephants.breathe-education.com/episode/59-proper-squat-form-does-it-exist-with-raphael-bender-and-cloe-bunter,no,,
60,"60. Pilates Body Shape: The Illusion of Perfection, with Laura Cruz","7th November, 2021",https://pilates-elephants.breathe-education.com/episode/60-pilates-body-shape-the-illusion-of-perfection-with-laura-cruz,no,,
61,"61. What it Takes to be a Serial Successful Pilates Business Owner, with James Trenerry","14th November, 2021",https://pilates-elephants.breathe-education.com/episode/61-what-it-takes-to-be-a-serial-successful-pilates-business-owner-with-james-trenerry,no,,
62,62. Can Avoiding Pain Actually Cause More Damage? With Greg Lehman,"21st November, 2021",https://pilates-elephants.breathe-education.com/episode/62-can-avoiding-pain-actually-cause-more-damage-with-greg-lehman,no,,
63,"63. Working with Adaptive Clients: Thinking Outside the Box, with Cody Jussel","28th November, 2021",https://pilates-elephants.breathe-education.com/episode/63-working-with-adaptive-clients-thinking-outside-the-box-with-cody-jussel,no,,
64,"64. Inclusive Programming & Return to Instructing Postpartum, with Alice Scott","5th December, 2021",https://pilates-elephants.breathe-education.com/episode/64-inclusive-programming-return-to-instructing-postpartum-with-alice-scott,no,,
65,65. Is Body Awareness Always a Good Thing? With Raphael Bender & Cloe Bunter,"12th December, 2021",https://pilates-elephants.breathe-education.com/episode/65-is-body-awareness-always-a-good-thing-with-raphael-bender-cloe-bunter,no,,
66,"66. Feel Comfortable & Let Go, with Sarah Michael","19th December, 2021",https://pilates-elephants.breathe-education.com/episode/66-feel-comfortable-let-go-with-sarah-michael,no,,
67,"67. Transform Yourself Through Pilates, with Dani Font","26th December, 2021",https://pilates-elephants.breathe-education.com/episode/transform-yourself-through-pilates-with-dani-font,no,,
68,68. Neutral Spine- What is it and Should We Care? with Raphael Bender & Cloe Bunter,"2nd January, 2022",https://pilates-elephants.breathe-education.com/episode/68-neutral-spine-what-is-it-and-should-we-care-with-raphael-bender-cloe-bunter,no,,
69,"69. Simple Doesn’t Mean Easy, with Heath Lander","9th January, 2022",https://pilates-elephants.breathe-education.com/episode/69-simple-doesnt-mean-easy-with-heath-lander,no,,
70,"70. Embracing Change, with Raphael Bender and Cloe Bunter","16th January, 2022",https://pilates-elephants.breathe-education.com/episode/70-embracing-change-with-raphael-bender-and-cloe-bunter,no,,
71,"71. Real Men Do Pilates, with Martin Reid, Cloe Bunter, and Raphael Bender","23rd January, 2022",https://pilates-elephants.breathe-education.com/episode/71-real-men-do-pilates-with-martin-reid,no,,
72,"72. How to Motivate Your Clients, with Nathan Ross Rees and Raphael Bender","30th January, 2022",https://pilates-elephants.breathe-education.com/episode/72-how-to-motivate-your-clients-with-nathan-ross-rees-and-raphael-bender,no,,
73,73. Is Pilates the Best Exercise for Back Pain? With Cloe Bunter and Raphael Bender,"6th February, 2022",https://pilates-elephants.breathe-education.com/episode/pe-is-pilates-better-than-other-forms-of-exercise-for-back-pain,no,,
74,"74. How to Sell Your Sessions and Build a Successful Solo Business teaching Pilates, with Laura Cruz and Raphael Bender","13th February, 2022",https://pilates-elephants.breathe-education.com/episode/74-how-to-sell-your-sessions-and-build-a-successful-solo-business-teaching-pilates-with-laura-cruz,no,,
75,"75. Pilates Pedagogy, with Kyle Marsh and Raphael Bender","20th February, 2022",https://pilates-elephants.breathe-education.com/episode/pilates-pedagogy-with-kyle-marsh-and-raphael-bender,no,,
76,"76. Helping People Change, with David Hartmann, Cloe Bunter, and Raphael Bender","27th February, 2022",https://pilates-elephants.breathe-education.com/episode/76-helping-people-change-with-david-hartmann,no,,
77,"77. The Ups and Downs of Living Your Dream, with Ashley Brien and Raphael Bender","6th March, 2022",https://pilates-elephants.breathe-education.com/episode/the-ups-and-downs-of-living-your-dream-with-ashley-brien-and-raphael-bender,no,,
78,78. What is best practice care for people with musculoskeletal pain? With Ivan Lin and Raphael Bender,"13th March, 2022",https://pilates-elephants.breathe-education.com/episode/musculoskeletal-pain,no,,
79,"79. How to start a solo Pilates business and make great money, with Jean Campbell and Raphael Bender","20th March, 2022",https://pilates-elephants.breathe-education.com/episode/79-how-to-start-a-solo-pilates-business-and-make-great-money-with-jean-campbell-and-raphael-bender,no,,
80,"80. Pilates Porn, with Anula Maiberg and Raphael Bender","27th March, 2022",https://pilates-elephants.breathe-education.com/episode/pilates-porn,no,,
81,"81. How to help people AND make money, with Dan Baker and Raphael Bender","3rd April, 2022",https://pilates-elephants.breathe-education.com/episode/help-people-and-make-money-,no,,
82,"82. How bodybuilding has influenced Pilates, with Aden O’Sullivan and Raphael Bender","10th April, 2022",https://pilates-elephants.breathe-education.com/episode/82-how-bodybuilding-has-influenced-pilates-with-aden-osullivan-and-raphael-bender,no,,
83,"83. Growing beyond your training, with Adam McAtee and Raphael Bender","17th April, 2022",https://pilates-elephants.breathe-education.com/episode/83-growing-beyond-your-training-with-adam-mcatee-and-raphael-bender,no,,
84,"84. How to create your own thing in Pilates, with John Garey and Raphael Bender","24th April, 2022",https://pilates-elephants.breathe-education.com/episode/create-your-own-thing,no,,
85,"85. Diet Culture in Pilates, with Jade Ritchi and Raphael Bender","1st May, 2022",https://pilates-elephants.breathe-education.com/episode/diet-culture,no,,
86,"86. Rediscovering your Passion for Teaching, with Natalie Wilson and Raphael Bender","8th May, 2022",https://pilates-elephants.breathe-education.com/episode/passion-for-teaching,no,,
87,"87. The tension between Unity and Change in the Pilates industry, with Amy Hedger and Raphael Bender","15th May, 2022",https://pilates-elephants.breathe-education.com/episode/unity-and-change-in-the-pilates-industry,no,,
88,"88. How to Sell Pilates Sessions Part 1, with Kylie Mones and Raphael Bender","22nd May, 2022",https://pilates-elephants.breathe-education.com/episode/how-to-sell-pilates-sessions-1,no,,
89,"89. Overcoming addiction through Pilates, with Rebecca Solberg and Raphael Bender","29th May, 2022",https://pilates-elephants.breathe-education.com/episode/overcoming-addiction-through-pilates,no,,
90,"90. Pathologizing Normal, with Natalie Wilson and Raphael Bender","5th June, 2022",https://pilates-elephants.breathe-education.com/episode/pathologizing-normal,no,,
91,"91. How to Sell Pilates Sessions Part 2, with Kylie Mones and Raphael Bender","12th June, 2022",https://pilates-elephants.breathe-education.com/episode/sell-pilates-sessions-2,no,,
92,"92. How to build your own on-demand Pilates business, with Ruth Bruno and Raphael Bender","19th June, 2022",https://pilates-elephants.breathe-education.com/episode/build-your-own-on-demand-pilates-business,no,,
93,93. Do we under-load our clients in Pilates? With Julie Driver and Raphael Bender,"26th June, 2022",https://pilates-elephants.breathe-education.com/episode/do-we-under-load-our-clients-in-pilates,no,,
94,"94. How to Get Your Clients Results, with Nathan Ross Rees and Raphael Bender","3rd July, 2022",https://pilates-elephants.breathe-education.com/episode/get-your-clients-results,no,,
95,"95. What I learned from recording 150+ podcast episodes, with Olivia Bioni and Raphael Bender","10th July, 2022",https://pilates-elephants.breathe-education.com/episode/95-what-i-learned-from-recording-150-podcast-episodes-with-olivia-bioni-and-raphael-bender,no,,
96,"96. How to Open a Pilates Studio for Zero Money Down and When to Sell It, with Phoebe Heyhoe and Raphael Bender","17th July, 2022",https://pilates-elephants.breathe-education.com/episode/open-a-pilates-studio-for-zero-money-down-and-when-to-sell-it,no,,
97,"97. Gatekeeping in Pilates, with Natalie Wilson and Raphael Bender","24th July, 2022",https://pilates-elephants.breathe-education.com/episode/gatekeeping-in-pilates,no,,
98,"98. How to make $250k/year profit from your Pilates studio, with Josh Richardson and Raphael Bender","7th August, 2022",https://pilates-elephants.breathe-education.com/episode/make-250k-year-profit-from-your-pilates-studio,yes,098-how-to-make-250k-year-profit-from-your-pilates-studio-with-josh-richardson-and-raphael-bender.txt,https://transcripts.captivate.fm/transcript/a44ac01e-d9a4-40f1-9d4a-5a2fd34fe8f9/index.html
99,"99. Move past Burnout, with Natalie Wilson and Raphael Bender","14th August, 2022",https://pilates-elephants.breathe-education.com/episode/move-past-burnout,no,,
100,"100. How Pilates is changing in the UK, with Emma-Jayne Rushby and Raphael Bender","21st August, 2022",https://pilates-elephants.breathe-education.com/episode/100-how-pilates-is-changing-in-the-uk-with-emma-jane-rushby-and-raphael-bender,no,,
101,"101. There are only 3 exercises in the world and Cat Stretch is 2 of them, with Heath Lander and Raphael Bender","28th August, 2022",https://pilates-elephants.breathe-education.com/episode/101-there-are-only-3-exercises-in-the-world-and-cat-stretch-is-2-of-them-with-heath-lander-and-raphael-bender,no,,
102,"102: Body image - a nuanced discussion, with Laura Gaiter and Raphael Bender","4th September, 2022",https://pilates-elephants.breathe-education.com/episode/body-image,no,,
103,"103. Building a personalized on-demand Pilates business, with Hannah Ryan and Raphael Bender","11th September, 2022",https://pilates-elephants.breathe-education.com/episode/building-a-personalized-on-demand-pilates-business,no,,
105,"105. How to master rehabilitation, with Heath Lander and Raphael Bender","25th September, 2022",https://pilates-elephants.breathe-education.com/episode/master-rehabilitation,no,,
106,"106. From Stuck to Living your Dream Life, with Brittany LaBotz and Raphael Bender","2nd October, 2022",https://pilates-elephants.breathe-education.com/episode/106-from-stuck-to-living-your-dream-life-with-brittany-labotz-and-raphael-bender,no,,
107,"107. Serving your ideal clients, with Naike Mouromtsev and Raphael Bender","9th October, 2022",https://pilates-elephants.breathe-education.com/episode/serving-your-ideal-clients-,no,,
108,"108. Your business can never outgrow your personal development, with Laura Saggers and Raphael Bender","16th October, 2022",https://pilates-elephants.breathe-education.com/episode/personal-development,no,,
109,"109. Pilates Through The Ages, with Heath Lander and Raphael Bender","23rd October, 2022",https://pilates-elephants.breathe-education.com/episode/pilates-through-the-ages,no,,
109,109. Do we really need to individualize Pilates programs for back pain? With Mitch Gibbs PhD and Raphael Bender,"30th October, 2022",https://pilates-elephants.breathe-education.com/episode/pilates-programs-for-back-pain,no,,
110,110. Why Do Clams? with Heath Lander and Raphael Bender,"6th November, 2022",https://pilates-elephants.breathe-education.com/episode/why-do-clams,no,,
111,"111. How what you believe influences your clients' pain and recovery, with Brendan Mouatt and Raphael Bender","13th November, 2022",https://pilates-elephants.breathe-education.com/episode/how-what-you-believe-influences-your-clients-pain-and-recovery,no,,
112,"112. How to let fires burn, with Heath Lander and Raphael Bender","20th November, 2022",https://pilates-elephants.breathe-education.com/episode/let-fires-burn,no,,
113,"113. What we were wrong about, with Daniel Arbilla and Raphael Bender","27th November, 2022",https://pilates-elephants.breathe-education.com/episode/what-we-were-wrong-about,no,,
114,114. Why do your knees go in when you squat? With Heath Lander and Raphael Bender,"4th December, 2022",https://pilates-elephants.breathe-education.com/episode/why-do-your-knees-go-in-when-you-squat,no,,
115,"115. How to use your assessment session to convert casual enquiries into long-term clients, with Amanda Dell’Aquila and Raphael Bender","11th December, 2022",https://pilates-elephants.breathe-education.com/episode/115-how-to-use-your-assessment-session-to-convert-casual-enquiries-into-long-term-clients-with-amanda-dellaquila-and-raphael-bender,no,,
116,"116. Pilates as a second career, with Loretta Mazzola and Raphael Bender","18th December, 2022",https://pilates-elephants.breathe-education.com/episode/pilates-as-a-second-career,no,,
117,"117. How to make $100k/year teaching Pilates from home, with Raphael Bender","25th December, 2022",https://pilates-elephants.breathe-education.com/episode/how-to-make-100k-year-teaching-pilates-from-home,no,,
118,118. Should we worry about anterior pelvic tilt? With Raphael Bender,"1st January, 2023",https://pilates-elephants.breathe-education.com/episode/anterior-pelvic-tilt,no,,
119,"119. How to teach beginners, with Natalie Wilson and Raphael Bender","8th January, 2023",https://pilates-elephants.breathe-education.com/episode/teach-beginners,no,,
120,"120. How to overcome your fear of self-promotion, with Raphael Bender","15th January, 2023",https://pilates-elephants.breathe-education.com/episode/overcome-your-fear-of-self-promotion,no,,
121,"121. Becoming an evidence-based Pilates instructor, with Mary Kirketerp and Raphael Bender","22nd January, 2023",https://pilates-elephants.breathe-education.com/episode/becoming-evidence-based,no,,
122,"122.  Embrace the hustle: Opening your own studio, with Taylor Gotovac and Raphael Bender","29th January, 2023",https://pilates-elephants.breathe-education.com/episode/embrace-the-hustle,no,,
123,123. Should you program your training around your menstrual cycle? With Dr Alyssa Olenick and Raphael Bender,"5th February, 2023",https://pilates-elephants.breathe-education.com/episode/menstrual-cycle-based-training,no,,
124,"124. Results-based pricing for Pilates, with Zenia Wood and Raphael Bender","12th February, 2023",https://pilates-elephants.breathe-education.com/episode/results-based-pricing-for-pilates,no,,
125,"125. The 3 things that will make you a wildly popular instructor, with Nathan Ross Rees and Raphael Bender","19th February, 2023",https://pilates-elephants.breathe-education.com/episode/wildly-popular-instructor,no,,
126,"126. How to land a job where you can teach how you want, with Natalie Wilson and Raphael Bender","26th February, 2023",https://pilates-elephants.breathe-education.com/episode/land-a-job-where-you-can-teach-how-you-want,no,,
127,"127. The Wisdom of the Original 34 Contrology Exercises, with Heath Lander and Raphael Bender","5th March, 2023",https://pilates-elephants.breathe-education.com/episode/wisdom-of-the-original-34-contrology-exercises,no,,
128,"128. How to build a $6M Pilates franchise, with Amanda Dell'Aquila and Simon Bryce","12th March, 2023",https://pilates-elephants.breathe-education.com/episode/pilates-franchise,no,,
129,"129. Prenatal Pilates is just Pilates, with Hailey Hawkins and Raphael Bender","19th March, 2023",https://pilates-elephants.breathe-education.com/episode/prenatal-pilates,no,,
130,"130. How to build a Pilates business in a renovated 2-car garage in 12 months, with Teneille Palmer and Raphael Bender","26th March, 2023",https://pilates-elephants.breathe-education.com/episode/home-based-pilates-business,no,,
131,"131. Starting a Client-Centered Pilates studio in Munich, with Marie Hopp and Raphael Bender","2nd April, 2023",https://pilates-elephants.breathe-education.com/episode/starting-a-client-centered-pilates-studio,no,,
132,"132. How to eliminate procrastination, with Raphael Bender","9th April, 2023",https://pilates-elephants.breathe-education.com/episode/eliminate-procrastination,no,,
133,"133. Ab curls are safe during pregnancy, live podcast with Raphael Bender","16th April, 2023",https://pilates-elephants.breathe-education.com/episode/ab-curls-are-safe-during-pregnancy,no,,
134,"134. Money Mindsets, with Raphael Bender","23rd April, 2023",https://pilates-elephants.breathe-education.com/episode/money-mindsets,no,,
135,"135. The principle of specificity - aka everything in your Pilates life is not a nail, with Raphael Bender","27th April, 2023",https://pilates-elephants.breathe-education.com/episode/principle-of-specificity,no,,
136,136. Why do we keep having the same conversation in Pilates? With Kyle Marsh and Raphael Bender,"30th April, 2023",https://pilates-elephants.breathe-education.com/episode/why-do-we-keep-having-the-same-conversation-in-pilates,no,,
137,"137. Move towards your dream, with Raphael Bender","4th May, 2023",https://pilates-elephants.breathe-education.com/episode/move-towards-your-dream,no,,
138,"138. Pelvic organ prolapse - why you should be a movement optimist, with Raphael Bender","7th May, 2023",https://pilates-elephants.breathe-education.com/episode/pelvic-organ-prolapse,no,,
139,"139. The Not To Do List, with Raphael Bender","11th May, 2023",https://pilates-elephants.breathe-education.com/episode/not-to-do-list,no,,
140,"140. Rehab is just graded exercise, with Raphael Bender","14th May, 2023",https://pilates-elephants.breathe-education.com/episode/rehab-is-just-graded-exercise,no,,
141,"141. Why this is the last ever intake of the Diploma of Clinical Pilates, with Raphael Bender","18th May, 2023",https://pilates-elephants.breathe-education.com/episode/last-intake-diploma-of-clinical-pilates,no,,
142,142. What skills do you need to confidently teach Pilates to everyone? With Raphael Bender,"21st May, 2023",https://pilates-elephants.breathe-education.com/episode/skills-to-confidently-teach-pilates,no,,
143,"143. Don’t be a solution looking for a problem, with Raphael Bender","25th May, 2023",https://pilates-elephants.breathe-education.com/episode/dont-be-a-solution-looking-for-a-problem,no,,
144,"144. Simple exercises can have complex effects: The story of pec major, with Raphael Bender","28th May, 2023",https://pilates-elephants.breathe-education.com/episode/the-story-of-pec-major,no,,
145,"145. What's going on at BE, with Raphael Bender","1st June, 2023",https://pilates-elephants.breathe-education.com/episode/whats-going-on-at-breathe-education,no,,
146,"146. How to get continuity across different instructors in your team, with Jeff Waters and Raphael Bender","4th June, 2023",https://pilates-elephants.breathe-education.com/episode/how-to-get-continuity-across-different-instructors-in-your-team,no,,
147,"147. The Pilates market isn’t saturated - your marketing just sucks, with Raphael Bender","8th June, 2023",https://pilates-elephants.breathe-education.com/episode/pilates-market-isnt-saturated-your-marketing-sucks,no,,
149,"149. Defining your ideal Pilates client avatar, with Raphael Bender","15th June, 2023",https://pilates-elephants.breathe-education.com/episode/ideal-pilates-client-avatar,no,,
150,150. Which muscles stabilize the knee? With Raphael Bender,"18th June, 2023",https://pilates-elephants.breathe-education.com/episode/which-muscles-stabilize-the-knee,no,,
151,151. Is Neutral Spine the most efficient? With Raphael Bender,"22nd June, 2023",https://pilates-elephants.breathe-education.com/episode/is-neutral-spine-more-efficient,no,,
152,152. When is even one prop too many? With Kyle Marsh and Raphael Bender,"25th June, 2023",https://pilates-elephants.breathe-education.com/episode/when-is-even-one-prop-too-many,no,,
153,"153. 7 Things Great Instructors Know that Average Instructors Don’t Know, with Raphael Bender","29th June, 2023",https://pilates-elephants.breathe-education.com/episode/7-things-great-instructors-know-that-average-instructors-dont-know-with-raphael-bender,no,,
154,"154. Changing your understanding of pain, with Natasha Haresign and Raphael Bender","2nd July, 2023",https://pilates-elephants.breathe-education.com/episode/changing-your-understanding-of-pain,no,,
155,155. What are the best ab exercises? With Raphael Bender,"6th July, 2023",https://pilates-elephants.breathe-education.com/episode/what-are-the-best-ab-exercises,no,,
156,"156. How to hire and retain great Pilates instructors, with Kala Loek and Raphael Bender","9th July, 2023",https://pilates-elephants.breathe-education.com/episode/how-to-hire-and-retain-great-pilates-instructors,no,,
157,157. Why you shouldn't worry about hypermobility - With Raphael Bender,"13th July, 2023",https://pilates-elephants.breathe-education.com/episode/why-you-shouldnt-worry-about-hypermobility,no,,
158,158. Is it time to relax about gripping? With Adam McAtee and Raphael Bender,"16th July, 2023",https://pilates-elephants.breathe-education.com/episode/is-it-time-to-relax-about-gripping,no,,
159,159. Is Pilates Fearmongering on the rise? With Kyle Marsh and Raphael Bender,"20th July, 2023",https://pilates-elephants.breathe-education.com/episode/is-pilates-fearmongering-on-the-rise,no,,
160,160. Can we even feel muscles activating? With Raphael Bender,"23rd July, 2023",https://pilates-elephants.breathe-education.com/episode/muscles-activating,no,,
161,"161. If everything works the same for back pain, why do Pilates? With Adam McAtee and Raphael Bender","27th July, 2023",https://pilates-elephants.breathe-education.com/episode/pilates-for-back-pain,no,,
162,162. How to get stronger according to science - With Raphael Bender,"30th July, 2023",https://pilates-elephants.breathe-education.com/episode/how-to-get-stronger,no,,
163,163. What place do tactile cues have post-pandemic? With Kyle Marsh and Raphael Bender,"3rd August, 2023",https://pilates-elephants.breathe-education.com/episode/tactile-cues-,no,,
164,164. Are your upper traps really overactive? With Raphael Bender,"6th August, 2023",https://pilates-elephants.breathe-education.com/episode/are-your-upper-traps-really-overactive,no,,
165,"165. Why doesn’t anyone talk about money in Pilates, with Raphael Bender","10th August, 2023",https://pilates-elephants.breathe-education.com/episode/why-doesnt-anyone-talk-about-money-in-pilates,no,,
166,"166. The Shortest Cadillac Certification in the History Of Pilates, with Adam McAtee and Raphael Bender","13th August, 2023",https://pilates-elephants.breathe-education.com/episode/shortest-cadillac-certification,no,,
167,"167. Dealing with Haters, Both Real And Imaginary, with Raphael Bender","17th August, 2023",https://pilates-elephants.breathe-education.com/episode/dealing-with-haters,no,,
168,"168. Bringing Pilates instructors and studios together, with Hannah McMullen and Raphael Bender","20th August, 2023",https://pilates-elephants.breathe-education.com/episode/bringing-pilates-instructors-and-studios-together,no,,
169,"169. Why stability is not a useful word in Pilates, with Raphael Bender","24th August, 2023",https://pilates-elephants.breathe-education.com/episode/why-stability-is-not-a-useful-word-in-pilates,no,,
170,"170.  How to get off the busyness treadmill, with Raphael Bender","27th August, 2023",https://pilates-elephants.breathe-education.com/episode/how-to-get-off-the-busyness-treadmill,no,,
171,"171. How to collect compelling testimonials from your Pilates clients, with Raphael Bender","31st August, 2023",https://pilates-elephants.breathe-education.com/episode/how-to-collect-compelling-testimonials,no,,
172,"172. There are no solutions only trade-offs, with Raphael Bender","3rd September, 2023",https://pilates-elephants.breathe-education.com/episode/there-are-no-solutions-only-trade-offs,no,,
173,"173. How to massively simplify your thinking about movement, with Raphael Bender","7th September, 2023",https://pilates-elephants.breathe-education.com/episode/how-to-massively-simplify-your-thinking-about-movement,no,,
174,"174. New research on diastasis and curl ups, with Raphael Bender","10th September, 2023",https://pilates-elephants.breathe-education.com/episode/new-research-on-diastasis-and-curl-ups,no,,
175,"175. Part 1: Give yourself permission to become a more authentic version of yourself, with Nathan Ross Rees","14th September, 2023",https://pilates-elephants.breathe-education.com/episode/authentic-version-of-yourself,no,,
176,"176. Part 2: Give yourself permission to become a more authentic version of yourself, with Nathan Ross Rees","17th September, 2023",https://pilates-elephants.breathe-education.com/episode/authentic-version-of-yourself-part-2,no,,
177,177. Which style of Pilates is most beneficial? With Raphael Bender,"21st September, 2023",https://pilates-elephants.breathe-education.com/episode/which-style-of-pilates-is-most-beneficial,no,,
178,178. Is Lagree Pilates? With Raphael Bender,"24th September, 2023",https://pilates-elephants.breathe-education.com/episode/is-lagree-pilates,no,,
179,179. Are we all Pilates cows? with Natalie Wilson and Raphael Bender,"28th September, 2023",https://pilates-elephants.breathe-education.com/episode/are-we-all-pilates-cows,no,,
180,"180. How to hire and lead superstar Pilates instructors, with Raphael Bender","1st October, 2023",https://pilates-elephants.breathe-education.com/episode/hire-and-lead-superstar-pilates-instructors,no,,
181,"181. How to use email marketing to get more clients, with Raphael Bender","5th October, 2023",https://pilates-elephants.breathe-education.com/episode/how-to-use-email-marketing-to-get-more-clients,no,,
182,182. Can Pilates change posture? With Natalie Wilson and Raphael Bender,"8th October, 2023",https://pilates-elephants.breathe-education.com/episode/can-pilates-change-posture,no,,
183,"183. How to tell if your mindset is holding you back, with Raphael Bender","12th October, 2023",https://pilates-elephants.breathe-education.com/episode/how-to-tell-if-your-mindset-is-holding-you-back,no,,
184,"184. Loneliness of the long distance Pilates instructor, with Natalie Wilson and Raphael Bender","15th October, 2023",https://pilates-elephants.breathe-education.com/episode/loneliness-of-the-long-distance-pilates-instructor,no,,
185,"185. The 80-20 of Pilates teaching, with Raphael Bender","19th October, 2023",https://pilates-elephants.breathe-education.com/episode/the-80-20-of-pilates-teaching,no,,
186,"186. Build your own confidence, with Sandi Ariyanti and Raphael Bender","22nd October, 2023",https://pilates-elephants.breathe-education.com/episode/build-your-own-confidence,no,,
187,"187. How to create a cohesive team of Pilates teachers, with Raphael Bender","26th October, 2023",https://pilates-elephants.breathe-education.com/episode/create-a-cohesive-team-of-pilates-teachers,no,,
188,"188. How to thread the needle between rigidity and chaos in your teaching, with Natalie Wilson and Raphael Bender","29th October, 2023",https://pilates-elephants.breathe-education.com/episode/rigidity-and-chaos-in-teaching,no,,
189,"189. How to eliminate last minute cancellations for your Pilates sessions, with Raphael Bender","2nd November, 2023",https://pilates-elephants.breathe-education.com/episode/how-to-eliminate-last-minute-cancellations,no,,
190,"190. Perfectionism, with Natalie Wilson and Raphael Bender","5th November, 2023",https://pilates-elephants.breathe-education.com/episode/perfectionism,no,,
191,"191. Why more income streams won’t make you more money from Pilates, with Raphael Bender","9th November, 2023",https://pilates-elephants.breathe-education.com/episode/why-more-income-streams-wont-make-you-more-money-from-pilates,no,,
192,192. Neutral or Imprint? With Natalie Wilson and Raphael Bender,"12th November, 2023",https://pilates-elephants.breathe-education.com/episode/neutral-or-imprint,no,,
193,"193. How to stop jumping between studios, with Raphael Bender","16th November, 2023",https://pilates-elephants.breathe-education.com/episode/stop-jumping-between-studios,no,,
194,"194. Feeling a muscle working doesn’t mean it’s getting stronger, with Natalie Wilson and Raphael Bender","19th November, 2023",https://pilates-elephants.breathe-education.com/episode/-feeling-a-muscle-working-doesnt-mean-its-getting-stronger,no,,
195,"195. Why you should not offer unlimited memberships, with Raphael Bender","23rd November, 2023",https://pilates-elephants.breathe-education.com/episode/why-you-should-not-offer-unlimited-memberships,no,,
196,"196. Prenatal Pilates is (still) just Pilates, with Natalie Wilson and Raphael Bender","26th November, 2023",https://pilates-elephants.breathe-education.com/episode/prenatal-pilates-is-still-just-pilates,no,,
197,"197. If you can’t find good staff its because you lack skill in hiring, with Raphael Bender","30th November, 2023",https://pilates-elephants.breathe-education.com/episode/if-you-cant-find-good-staff-its-because-you-lack-skill-in-hiring,no,,
198,"198. The Missing Pilates Principle - Progressive Overload, with Nathan Ross Rees and Raphael Bender","3rd December, 2023",https://pilates-elephants.breathe-education.com/episode/missing-pilates-principle,no,,
199,"199. New research on diastasis and ab exercises, with Raphael Bender","7th December, 2023",https://pilates-elephants.breathe-education.com/episode/new-research-on-diastasis-and-ab-exercises,no,,
200,"200. Can Introverts be successful Pilates Instructors? With Kyle Marsh, Natalie Wilson, and Raphael Bender","10th December, 2023",https://pilates-elephants.breathe-education.com/episode/-can-introverts-be-successful-pilates-instructors,no,,
201,"201. Start a studio in Brighton not Collingwood, with Raphael Bender","14th December, 2023",https://pilates-elephants.breathe-education.com/episode/start-a-studio-in-brighton-not-collingwood,no,,
202,"202. How to start your own online reformer training business, with Nathan Ross Rees and Raphael Bender","17th December, 2023",https://pilates-elephants.breathe-education.com/episode/build-an-online-demand-pilates-platform,no,,
203,"203. How to adjust your Pilates product to get market fit, with Raphael Bender","21st December, 2023",https://pilates-elephants.breathe-education.com/episode/how-to-adjust-your-pilates-product-to-get-market-fit,no,,
204,204. What is Pilates? With Naomi Di Fabio and Raphael Bender,"24th December, 2023",https://pilates-elephants.breathe-education.com/episode/what-is-pilates,no,,
205,205. Is Pilates effective for weight loss? With Raphael Bender,"28th December, 2023",https://pilates-elephants.breathe-education.com/episode/is-pilates-effective-for-weight-loss,no,,
206,"206. Safety cultures in Pilates, with Natalie Wilson and Raphael Bender","31st December, 2023",https://pilates-elephants.breathe-education.com/episode/safety-cultures-in-pilates,no,,
207,"207. Hypermobility and Pilates, with Natalie Wilson and Raphael Bender","4th January, 2024",https://pilates-elephants.breathe-education.com/episode/hypermobility-and-pilates,no,,
208,"208. Don’t let fear hold you back, with Dore Hewitt-Brown and Raphael Bender","7th January, 2024",https://pilates-elephants.breathe-education.com/episode/dont-let-fear-hold-you-back,no,,
209,209. Is Pilates training or entertainment? With Natalie Wilson and Raphael Bender,"11th January, 2024",https://pilates-elephants.breathe-education.com/episode/is-pilates-training-or-entertainment,no,,
210,"210. Build a Pilates events business, with Reese Leffingwell and Raphael Bender","14th January, 2024",https://pilates-elephants.breathe-education.com/episode/build-a-pilates-events-business,no,,
211,"211. How to deal with the Pilates police, with Natalie Wilson and Raphael Bender","18th January, 2024",https://pilates-elephants.breathe-education.com/episode/how-to-deal-with-the-pilates-police,no,,
212,"212. How to double the revenue in your Pilates studio, with Tori Froemke and Raphael Bender","21st January, 2024",https://pilates-elephants.breathe-education.com/episode/how-to-double-the-revenue-in-your-pilates-studio,no,,
213,"213. Confidence, with Natalie Wilson and Raphael Bender","25th January, 2024",https://pilates-elephants.breathe-education.com/episode/confidence,no,,
214,"214. How to help beginners develop a lifelong exercise habit, with Naike Mouromtsev and Raphael Bender","28th January, 2024",https://pilates-elephants.breathe-education.com/episode/lifelong-exercise-habit,no,,
215,215. Partner with us and become a Mentor Affiliate,"29th January, 2024",https://pilates-elephants.breathe-education.com/episode/partner-with-us-and-become-a-mentor-affiliate,no,,
216,"216. Why knowing which muscles are active in a movement is a waste of time, with Raphael Bender","1st February, 2024",https://pilates-elephants.breathe-education.com/episode/why-knowing-which-muscles-are-active-in-a-movement-is-a-waste-of-time,no,,
217,"217. Pilates is not your product, with Natalie Wilson and Raphael Bender","4th February, 2024",https://pilates-elephants.breathe-education.com/episode/pilates-is-not-your-product,no,,
218,218. Are stretching and strengthening the same thing? With Raphael Bender,"8th February, 2024",https://pilates-elephants.breathe-education.com/episode/stretching-and-strengthening,no,,
219,"219. Different kinds of employment opportunities in the Pilates industry, with Kyle Marsh, Natalie Wilson, and Raphael Bender","11th February, 2024",https://pilates-elephants.breathe-education.com/episode/different-kinds-of-employment-opportunities-in-the-pilates-industry,no,,
220,"220. Why I don’t assess posture anymore, with Raphael Bender","15th February, 2024",https://pilates-elephants.breathe-education.com/episode/why-i-dont-assess-posture-anymore,no,,
221,"221. First, do no harm, with Kyle Marsh, Natalie Wilson, and Raphael Bender","18th February, 2024",https://pilates-elephants.breathe-education.com/episode/do-no-harm,no,,
222,"222. Fear is an action signal, with Raphael Bender","22nd February, 2024",https://pilates-elephants.breathe-education.com/episode/fear-is-an-action-signal,no,,
223,"223. What does it mean to empower clients? With Kyle Marsh, Natalie Wilson, and Raphael Bender","25th February, 2024",https://pilates-elephants.breathe-education.com/episode/what-does-it-mean-to-empower-clients,no,,
224,224. Why do muscles shake? With Raphael Bender,"29th February, 2024",https://pilates-elephants.breathe-education.com/episode/why-do-muscles-shake,no,,
225,"225. How dance culture continues to influence Pilates culture, with Hannah Teutscher and Raphael Bender","3rd March, 2024",https://pilates-elephants.breathe-education.com/episode/how-dance-culture-continues-to-influence-pilates-culture,no,,
226,"226. New meta-analysis on motor control exercises, with Raphael Bender","7th March, 2024",https://pilates-elephants.breathe-education.com/episode/new-meta-analysis-on-motor-control-exercises,no,,
227,227. Do we (still) under-load our clients in Pilates? With Raphael Bender,"10th March, 2024",https://pilates-elephants.breathe-education.com/episode/do-we-still-under-load-our-clients-in-pilates,no,,
228,"228. How to negotiate pay for teaching Pilates, with Raphael Bender","14th March, 2024",https://pilates-elephants.breathe-education.com/episode/how-to-negotiate-pay-for-teaching-pilates,no,,
229,"229. New research on cueing, with Hailey Hawkins and Raphael Bender","17th March, 2024",https://pilates-elephants.breathe-education.com/episode/new-research-on-cueing,no,,
230,"230. In Pilates, hard is not the same thing as effective - with Raphael Bender","21st March, 2024",https://pilates-elephants.breathe-education.com/episode/hard-is-not-the-same-thing-as-effective,no,,
231,"231. Find your Pilates niche, with Nicole Mazurkiewicz and Raphael Bender","24th March, 2024",https://pilates-elephants.breathe-education.com/episode/find-your-pilates-niche,no,,
232,232. Why knees going inwards during a squat might strengthen glutes MORE - with Raphael Bender,"28th March, 2024",https://pilates-elephants.breathe-education.com/episode/why-knees-going-inwards-during-a-squat-might-strengthen-glutes-more-with-raphael-bender,no,,
233,"233. How to become an in-demand Pilates instructor, with Naomi Di Fabio and Raphael Bender","31st March, 2024",https://pilates-elephants.breathe-education.com/episode/how-to-become-an-in-demand-pilates-instructor,no,,
234,234. Do you need to know anatomy to teach Pilates? With Raphael Bender,"4th April, 2024",https://pilates-elephants.breathe-education.com/episode/do-you-need-to-know-anatomy-to-teach-pilates,no,,
235,"235. A retrospective on 15 years teaching Pilates, with Nicole Mazurkiewicz and Raphael Bender","7th April, 2024",https://pilates-elephants.breathe-education.com/episode/retrospective-on-15-years-teaching-pilates,no,,
236,"236. How to deal with a toxic studio environment, with Raphael Bender","11th April, 2024",https://pilates-elephants.breathe-education.com/episode/how-to-deal-with-a-toxic-studio-environment,no,,
237,"237. Your skills gap might be a result of your education, with Natalie Wilson and Kyle Marsh","14th April, 2024",https://pilates-elephants.breathe-education.com/episode/your-skills-gap-might-be-a-result-of-your-education,no,,
238,238. Does sitting cause hamstring tightness? With Raphael Bender,"18th April, 2024",https://pilates-elephants.breathe-education.com/episode/does-sitting-cause-hamstring-tightness,no,,
239,"239. Breathing Elephants, with Nicole Mazurkiewicz and Raphael Bender","21st April, 2024",https://pilates-elephants.breathe-education.com/episode/breathing-elephants,no,,
240,"240. How to make good decisions, with Raphael Bender","25th April, 2024",https://pilates-elephants.breathe-education.com/episode/how-to-make-good-decisions,no,,
241,241. Are your hip flexors REALLY overactive? With Kathryn Bruni-Young and Raphael Bender,"28th April, 2024",https://pilates-elephants.breathe-education.com/episode/are-your-hip-flexors-really-overactive,no,,
242,"242. How to know what to focus on in your Pilates business, with Raphael Bender","2nd May, 2024",https://pilates-elephants.breathe-education.com/episode/what-to-focus-on-in-your-pilates-business,no,,
243,243. Where is the line between Pilates and physiotherapy? With Naomi Di Fabio and Raphael Bender,"5th May, 2024",https://pilates-elephants.breathe-education.com/episode/pilates-and-physiotherapy,no,,
244,"244. You are not a visual learner, with Raphael Bender","9th May, 2024",https://pilates-elephants.breathe-education.com/episode/you-are-not-a-visual-learner,no,,
245,"245. The Case for Ugly Pilates, with Kyle Marsh and Natalie Wilson","12th May, 2024",https://pilates-elephants.breathe-education.com/episode/the-case-for-ugly-pilates,no,,
246,"246. Why changing your position is a green flag,  with Raphael Bender","16th May, 2024",https://pilates-elephants.breathe-education.com/episode/why-changing-your-position-is-a-green-flag,no,,
247,"247. How to manage your emotions as a Pilates business owner, with James Trenerry and Raphael Bender","19th May, 2024",https://pilates-elephants.breathe-education.com/episode/how-to-manage-your-emotions-as-a-pilates-business-owner,no,,
248,248. Free business coaching with Raphael Bender,"23rd May, 2024",https://pilates-elephants.breathe-education.com/episode/free-business-coaching,no,,
249,"249. Straight talk about boredom, with Kyle Marsh and Natalie Wilson","26th May, 2024",https://pilates-elephants.breathe-education.com/episode/straight-talk-about-boredom,no,,
250,"250. Why we don't affiliate with any Pilates or Fitness industry bodies, with Raphael Bender","30th May, 2024",https://pilates-elephants.breathe-education.com/episode/why-we-dont-affiliate-with-any-industry-bodies,no,,
251,"251. How to finally get a great night's sleep, with Russell Gilbert and Raphael Bender","2nd June, 2024",https://pilates-elephants.breathe-education.com/episode/how-to-finally-get-a-great-nights-sleep,no,,
252,"252. How to get a job teaching Pilates, with Raphael Bender","6th June, 2024",https://pilates-elephants.breathe-education.com/episode/how-to-get-a-job-teaching-pilates,no,,
253,253. Is Cueing Over Rated? With Antony Lo and Raphael Bender,"9th June, 2024",https://pilates-elephants.breathe-education.com/episode/is-cueing-over-rated,no,,
254,"254. How To Build A High Performing Team In Your Studio, with Raphael Bender","13th June, 2024",https://pilates-elephants.breathe-education.com/episode/how-to-build-a-high-performing-team-in-your-studio,no,,
255,"255. Is class programming dragging you down? Fun and Effective Tips Inside, with Kyle Marsh and Natalie Wilson","16th June, 2024",https://pilates-elephants.breathe-education.com/episode/class-programming-,no,,
256,"256. How to get your Pilates business to stand out in a sea of competitors, with James Trenerry and Raphael Bender","20th June, 2024",https://pilates-elephants.breathe-education.com/episode/how-to-get-your-pilates-business-to-stand-out-in-a-sea-of-competitors,no,,
257,"257. How Kerri is making $100k teaching Pilates in her garage, with Kerri Jennings and Raphael Bender","23rd June, 2024",https://pilates-elephants.breathe-education.com/episode/how-kerri-is-making-100k-teaching-pilates-in-her-garage,no,,
258,"258. The case for retiring stability as a concept in Pilates, with Raphael Bender","27th June, 2024",https://pilates-elephants.breathe-education.com/episode/the-case-for-retiring-stability-in-pilates,no,,
259,"259. There is no such thing as a Pilates emergency, with Kyle Marsh and Natalie Wilson","30th June, 2024",https://pilates-elephants.breathe-education.com/episode/no-such-thing-as-a-pilates-emergency,no,,
260,260. Just do the thing - with Raphael Bender,"4th July, 2024",https://pilates-elephants.breathe-education.com/episode/just-do-the-thing-,no,,
261,261. Is running safe for people with back pain? With Claire Samanna & Chris Neason,"7th July, 2024",https://pilates-elephants.breathe-education.com/episode/running-for-people-with-back-pain,no,,
262,262. Do exercise intensity and duration affect back pain? With Chris Neason and Raphael Bender,"11th July, 2024",https://pilates-elephants.breathe-education.com/episode/do-exercise-intensity-and-duration-affect-back-pain,no,,
263,"263. How to build a 2-month waitlist, with Stacey Pine and Raphael Bender","14th July, 2024",https://pilates-elephants.breathe-education.com/episode/how-to-build-a-2-month-waitlist,no,,
264,264. Is exercise good or bad for your discs? With Claire Samanna and Raphael Bender,"18th July, 2024",https://pilates-elephants.breathe-education.com/episode/is-exercise-good-or-bad-for-your-discs,no,,
265,"265. How to navigate the Pilates industry as a newcomer, with Gemma Downing and Natalie Wilson","21st July, 2024",https://pilates-elephants.breathe-education.com/episode/how-to-navigate-the-pilates-industry-as-a-newcomer,no,,
266,266. How important are running biomechanics? with Raphael Bender,"25th July, 2024",https://pilates-elephants.breathe-education.com/episode/how-important-are-running-biomechanics,no,,
267,"267. Which KPIs to track in your Pilates studio, with Josh Richardson and Raphael Bender","28th July, 2024",https://pilates-elephants.breathe-education.com/episode/kpis-to-track-in-your-pilates-studio,yes,267-which-kpis-to-track-in-your-pilates-studio-with-josh-richardson-and-raphael-bender.txt,https://transcripts.captivate.fm/transcript/bc5a089f-94d1-4816-b7a5-6a37189f93b6/index.html
268,"268. How to confidently program mixed-ability classes, with Raphael Bender","4th August, 2024",https://pilates-elephants.breathe-education.com/episode/how-to-confidently-program-mixed-ability-classes,no,,
269,"269. 11 Mistakes Pilates Studio Owners Make, with Raphael Bender","11th August, 2024",https://pilates-elephants.breathe-education.com/episode/mistakes-pilates-studio-owners-make,no,,
270,"270. How to lead without micromanaging, with Raphael Bender","18th August, 2024",https://pilates-elephants.breathe-education.com/episode/how-to-lead-without-micromanaging,no,,
271,271. Does hand position in the pushup change which muscles are working? with Raphael Bender,"25th August, 2024",https://pilates-elephants.breathe-education.com/episode/does-hand-position-in-the-pushup-change-which-muscles-are-working,no,,
272,"272. Magical Thinking, with Raphael Bender","1st September, 2024",https://pilates-elephants.breathe-education.com/episode/magical-thinking,no,,
273,"273. How to build a $100k Pilates business at home - updated, with Raphael Bender","8th September, 2024",https://pilates-elephants.breathe-education.com/episode/build-a-100k-pilates-business-at-home,no,,
274,"274. How to progress any exercise, with Raphael Bender","15th September, 2024",https://pilates-elephants.breathe-education.com/episode/making-anyexercise-harder-or-easier-,no,,
275,"275. How to put the client at the center of the session, with Emily Walker and Raphael Bender","22nd September, 2024",https://pilates-elephants.breathe-education.com/episode/how-to-put-the-client-at-the-center-of-the-session,no,,
276,"276. Rehab is just graded exercise - updated, with Raphael Bender","29th September, 2024",https://pilates-elephants.breathe-education.com/episode/rehab,no,,
277,"277. How to be more evidence based, with Emily Walker & Raphael Bender","6th October, 2024",https://pilates-elephants.breathe-education.com/episode/evidence-based,no,,
278,278. Does Pilates strengthen your little muscles? With Raphael Bender,"13th October, 2024",https://pilates-elephants.breathe-education.com/episode/pilates-strengthen-your-little-muscles,no,,
279,279. Do slow controlled reps build more strength? With Raphael Bender,"20th October, 2024",https://pilates-elephants.breathe-education.com/episode/do-slow-controlled-reps-build-more-strength,no,,
280,"280.  Prenatal Pilates Myths, with Charlotte Brooks and Raphael Bender","27th October, 2024",https://pilates-elephants.breathe-education.com/episode/prenatal-pilates-myths,no,,
281,281. Pilates or Cardio for Weight Loss? With Raphael Bender,"3rd November, 2024",https://pilates-elephants.breathe-education.com/episode/pilates-or-cardio-for-weight-loss,no,,
282,"282. How to Make Your Clients Feel the Burn EVERY Class (4 Science-Based Tips), with Raphael Bender","10th November, 2024",https://pilates-elephants.breathe-education.com/episode/make-your-clients-feel-the-burn-every-class,no,,
283,"283. The surprisingly nuanced link between movement quality and back pain, with  Kevin Wernli and Raphael Bender","17th November, 2024",https://pilates-elephants.breathe-education.com/episode/movement-and-pain,no,,
284,"284. How to REALLY progress your Pilates clients, with Raphael Bender","24th November, 2024",https://pilates-elephants.breathe-education.com/episode/how-to-really-progress-your-pilates-clients,no,,
285,"285. Simple, Not Easy: What Separates Great Pilates Teachers, with Heath Lander and Raphael Bender","1st December, 2024",https://pilates-elephants.breathe-education.com/episode/what-separates-great-pilates-teachers,no,,
286,"286. All-time top 5 group reformer exercises, with Raphael Bender","8th December, 2024",https://pilates-elephants.breathe-education.com/episode/-all-time-top-5-group-reformer-exercises,no,,
287,287. My Christmas Gift To You - A Proven Promo To Boost Your Studio Revenue,"14th December, 2024",https://pilates-elephants.breathe-education.com/episode/287-my-christmas-gift-to-you-a-proven-promo-to-boost-your-studio-revenue,no,,
288,288. Is Too Much Flow Hurting Your Classes? with Heath Lander and Raphael Bender,"22nd December, 2024",https://pilates-elephants.breathe-education.com/episode/is-too-much-flow-hurting-your-classes,no,,
289,289. Do Biomechanics Matter For Running Injury Prevention? with Raphael Bender,"29th December, 2024",https://pilates-elephants.breathe-education.com/episode/do-biomechanics-matter-for-running-injury-prevention,no,,
290,"290. Get Out Of Overwhelm - 3 Simple Metrics To Fix Your Pilates Studio, with Raphael Bender","5th January, 2025",https://pilates-elephants.breathe-education.com/episode/290-get-out-of-overwhelm-3-simple-metrics-to-fix-your-pilates-studio,no,,
291,291. Is reciprocal inhibition a thing? With Raphael Bender,"12th January, 2025",https://pilates-elephants.breathe-education.com/episode/is-reciprocal-inhibition-a-thing,no,,
292,292. Is strict form necessary for results? With Raphael Bender,"19th January, 2025",https://pilates-elephants.breathe-education.com/episode/is-strict-form-necessary-for-results,no,,
293,"293. Building an Online Pilates Business: From Pain to Purpose, with Bernadett Gazsi and Raphael Bender","26th January, 2025",https://pilates-elephants.breathe-education.com/episode/building-an-online-pilates-business-from-pain-to-purpose,no,,
294,"294. The case for loaded spinal flexion, with Raphael Bender","2nd February, 2025",https://pilates-elephants.breathe-education.com/episode/294-why-you-should-flex-your-spine-in-2025,no,,
295,"295. Stop focussing on minutae, with Raphael Bender","9th February, 2025",https://pilates-elephants.breathe-education.com/episode/295-stop-focussing-on-minutae,no,,
296,296. Why Can't I Find Good Staff For My Pilates Studio? With Raphael Bender,"16th February, 2025",https://pilates-elephants.breathe-education.com/episode/296-why-cant-i-find-good-staff-for-my-pilates-studio,yes,296-why-can-t-i-find-good-staff-for-my-pilates-studio-with-raphael-bender.txt,https://transcripts.captivate.fm/transcript/575a027b-95ad-4c26-b125-37191ac024cb/index.html
297,"297. The Biggest Back Pain Myth, with Raphael Bender","23rd February, 2025",https://pilates-elephants.breathe-education.com/episode/the-biggest-back-pain-myth,no,,
298,"298. Hypermobility & Scoliosis: What Science Actually Says, with Raphael Bender","2nd March, 2025",https://pilates-elephants.breathe-education.com/episode/hypermobility-scoliosis-what-science-actually-says,no,,
299,"299. How to 5x Profit In Your Studio In 90 Days, with Raphael Bender","9th March, 2025",https://pilates-elephants.breathe-education.com/episode/299-how-to-5x-profit-in-your-studio-in-90-days,no,,
300,300. What is the Scope of Practice of a Pilates Instructor? With Raphael Bender,"16th March, 2025",https://pilates-elephants.breathe-education.com/episode/scope-of-practice-of-a-pilates-instructor,no,,
301,"301. Why Isolation Exercises Are A Waste Of Time, with Raphael Bender","23rd March, 2025",https://pilates-elephants.breathe-education.com/episode/301-why-isolation-exercises-are-a-waste-of-time,no,,
302,"302. Everything you know about strengthening is probably wrong, with Raphael Bender","30th March, 2025",https://pilates-elephants.breathe-education.com/episode/302-everything-you-know-about-strengthening-is-probably-wrong,no,,
303,"303. The Science of Results: How to Design Sessions That Actually Work, with Raphael Bender","6th April, 2025",https://pilates-elephants.breathe-education.com/episode/303-the-science-of-results-how-to-design-sessions-that-actually-work,no,,
304,"304. Reformer Faceplant! Who’s to Blame, and What to Do Instead, with Natalie Wilson and Raphael Bender","13th April, 2025",https://pilates-elephants.breathe-education.com/episode/304-who-is-to-blame-when-a-client-falls-in-your-reformer-class,no,,
305,"305. Tonight We're Gonna Teach Reformer Like It's 1996, with Heath Lander and Raphael Bender","20th April, 2025",https://pilates-elephants.breathe-education.com/episode/305-,yes,305-tonight-we-re-gonna-teach-reformer-like-it-s-1996-with-heath-lander-and-raphael-bender.txt,https://transcripts.captivate.fm/transcript/8fcaa7e5-ae31-437b-8233-0c5d19207c1b/index.html
306,"306. The Jibber-Jabber Episode - Why Your Cues Aren't Landing, with Natalie Wilson and Raphael Bender","27th April, 2025",https://pilates-elephants.breathe-education.com/episode/why-your-cues-arent-landing,no,,
307,"307. Why Pilates Should Look Ugly Sometimes, with Heath Lander and Raphael Bender","4th May, 2025",https://pilates-elephants.breathe-education.com/episode/why-pilates-should-look-ugly-sometimes,no,,
308,"308. What To Do When You Don't Know What To Do, with Natalie Wilson & Raphael Bender","11th May, 2025",https://pilates-elephants.breathe-education.com/episode/what-to-do-when-you-dont-know-what-to-do,yes,308-what-to-do-when-you-don-t-know-what-to-do-with-natalie-wilson-raphael-bender.txt,https://transcripts.captivate.fm/transcript/4c9f8041-b655-47f5-9cf4-c253848ce29b/index.html
309,"309. Why Some Instructors Light Up The Room - and How You Can Too, with Natalie Wilson and Raphael Bender","18th May, 2025",https://pilates-elephants.breathe-education.com/episode/how-to-be-charismatic,no,,
310,"310. Strengthening: Simpler (but not easier) than you think, with Nicole Mazurkiewicz and Raphael Bender","25th May, 2025",https://pilates-elephants.breathe-education.com/episode/strengthening,no,,
311,"311. Do it scared, with Natalie Wilson and Raphael Bender","1st June, 2025",https://pilates-elephants.breathe-education.com/episode/do-it-scared,no,,
312,"312. Change Is Good – If You Do It Right, with Natalie Wilson and Raphael Bender","8th June, 2025",https://pilates-elephants.breathe-education.com/episode/change-is-good-if-you-do-it-right,no,,
313,313. ‘True Strength Comes From Control’ — Really? with Heath Lander and Raphael Bender,"15th June, 2025",https://pilates-elephants.breathe-education.com/episode/where-real-strength-comes-from,no,,
314,"314. From Zero to $30k/Month in 5 Months – Brian’s Story, with Brian Darsie and Raphael Bender","22nd June, 2025",https://pilates-elephants.breathe-education.com/episode/the-brian-story,no,,
315,315. Can Pilates Make You Stronger? with Heath Lander and Raphael Bender,"29th June, 2025",https://pilates-elephants.breathe-education.com/episode/can-pilates-make-you-stronger,yes,315-can-pilates-make-you-stronger-with-heath-lander-and-raphael-bender.txt,https://transcripts.captivate.fm/transcript/ae2407c1-5a64-4a83-b690-7d4c314025e1/index.html
316,"316. Why Simplicity Wins in the Studio, with Heath Lander and Raphael Bender","6th July, 2025",https://pilates-elephants.breathe-education.com/episode/why-simplicity-wins-in-the-studio,no,,
317,317. New Prenatal Guidelines with Nicole Mazurkiewicz and Raphael Bender,"13th July, 2025",https://pilates-elephants.breathe-education.com/episode/pregnancy-elephants,no,,
318,"318. The Myth of Hands-on, with Heath Lander and Raphael Bender","20th July, 2025",https://pilates-elephants.breathe-education.com/episode/the-myth-of-hands-on,no,,
319,"319. How to make your Pilates studio stand out in a sea of competitors, with Raphael Bender","27th July, 2025",https://pilates-elephants.breathe-education.com/episode/stand-out-in-a-sea-of-competitors-,yes,319-how-to-make-your-pilates-studio-stand-out-in-a-sea-of-competitors-with-raphael-bender.txt,https://transcripts.captivate.fm/transcript/12b1993d-4088-4429-a24d-ab855f5fd89d/index.html
320,"320. The 5 stages of Pilates studio business, with Raphael Bender","3rd August, 2025",https://pilates-elephants.breathe-education.com/episode/the-5-stages-of-pilates-studio-business,yes,320-the-5-stages-of-pilates-studio-business-with-raphael-bender.txt,https://transcripts.captivate.fm/transcript/b97aa490-23af-489a-826c-be458e05cca1/transcript.srt
321,321. When did Pilates become so obsessed with specific cues? With Raphael Bender,"10th August, 2025",https://pilates-elephants.breathe-education.com/episode/when-did-pilates-become-so-obsessed-with-specific-cues,yes,321-when-did-pilates-become-so-obsessed-with-specific-cues-with-raphael-bender.txt,https://transcripts.captivate.fm/transcript/5d174958-ad91-40cd-91dc-dbb7e9463d63/index.html
322,322. From Zero to $23K/mo in 34 Days: Jennifer Tan’s Pilates Studio Launch in the Philippines,"17th August, 2025",https://pilates-elephants.breathe-education.com/episode/studio-launch-in-the-philippines,no,,
323,"323. Why the best instructors encourage messy form, with Heath Lander and Raphael Bender","24th August, 2025",https://pilates-elephants.breathe-education.com/episode/why-the-best-instructors-encourage-messy-form,no,,
324,324. The Biggest Hiring Mistake Studio Owners Make - And How To Fix It,"31st August, 2025",https://pilates-elephants.breathe-education.com/episode/324-the-biggest-hiring-mistake-studio-owners-make-and-how-to-fix-it,yes,324-the-biggest-hiring-mistake-studio-owners-make-and-how-to-fix-it.txt,https://transcripts.captivate.fm/transcript/dc1066e7-6a76-4e90-b622-1e895844e901/index.html
325,"325. How to build a loyal community, with Sara Leach and Raphael Bender","7th September, 2025",https://pilates-elephants.breathe-education.com/episode/how-to-build-a-loyal-community,no,,
326,"326. How a 23-Year-Old Built a Waitlisted Pilates Studio in Just 1 Year, with Chelsea McBride and Raphael Bender","14th September, 2025",https://pilates-elephants.breathe-education.com/episode/how-a-23-year-old-built-a-waitlisted-pilates-studio-in-just-1-year,yes,326-how-a-23-year-old-built-a-waitlisted-pilates-studio-in-just-1-year-with-chelsea-mcbride-and-raphael-.txt,https://transcripts.captivate.fm/transcript/6520b249-6d75-4174-bbc9-16f641514ba4/index.html
327,"327. What No One Tells You About Opening a Second Pilates Studio, with Laura Saggers and Raphael Bender","21st September, 2025",https://pilates-elephants.breathe-education.com/episode/327-laura-saggers,yes,327-what-no-one-tells-you-about-opening-a-second-pilates-studio-with-laura-saggers-and-raphael-bender.txt,https://transcripts.captivate.fm/transcript/c297d609-1d72-482c-8a0f-c73a46df3eed/index.html
328,"328. Why You Shouldn't Offer Mat, Yoga or Barre In Your Studio","28th September, 2025",https://pilates-elephants.breathe-education.com/episode/328-why-you-shouldnt-offer-mat-yoga-or-barre-in-your-studio,no,,
329,329. Boundaries protect culture - with Alison Ward of Pilates Process Vancouver,"5th October, 2025",https://pilates-elephants.breathe-education.com/episode/329-boundaries-protect-culture-with-alison-ward-of-pilates-process-vancouver,yes,329-boundaries-protect-culture-with-alison-ward-of-pilates-process-vancouver.txt,https://transcripts.captivate.fm/transcript/93b3c622-b8dc-40f1-9be3-d650b89ce085/index.html
330,330. How this husband & wife team built 2 thriving studios in 1 year - Laura & Sam from Form & Flow UK,"12th October, 2025",https://pilates-elephants.breathe-education.com/episode/330-how-this-husband-wife-team-built-2-thriving-studios-in-1-year-laura-sam-from-form-flow-uk,yes,330-how-this-husband-wife-team-built-2-thriving-studios-in-1-year-laura-sam-from-form-flow-uk.txt,https://transcripts.captivate.fm/transcript/c5847b31-19f9-48d8-8c6c-480cad2d93db/index.html
331,331. 100 First Visits/Month With $0 Ads - Cassie & Henry from Sunny Space studio,"19th October, 2025",https://pilates-elephants.breathe-education.com/episode/100-first-visits-month-with-0-ads-cassie-henry-from-sunny-space-studio,yes,331-100-first-visits-month-with-0-ads-cassie-henry-from-sunny-space-studio.txt,https://transcripts.captivate.fm/transcript/60f2c774-1ecb-407c-905b-ab1963501b4d/index.html
332,"332. You're using layers wrong, with Heath Lander and Raphael Bender","26th October, 2025",https://pilates-elephants.breathe-education.com/episode/332-youre-using-layers-wrong,yes,332-you-re-using-layers-wrong-with-heath-lander-and-raphael-bender.txt,https://transcripts.captivate.fm/transcript/4d972f49-3e7b-48ce-935e-3fa72c5ecb86/index.html
333,333. What To Cue (It's Not What You Think),"2nd November, 2025",https://pilates-elephants.breathe-education.com/episode/333-what-to-cue-its-not-what-you-think,no,,
334,334. Leaving Classpass with Sari Sadhati,"9th November, 2025",https://pilates-elephants.breathe-education.com/episode/334-leaving-classpass-with-sari-sadhati,yes,334-leaving-classpass-with-sari-sadhati.txt,https://transcripts.captivate.fm/transcript/fc958f62-a72a-4dba-88a4-35c1036b78e9/index.html
335,335. How Ana is making €100k+ teaching Pilates in a Tiny Dutch Town,"16th November, 2025",https://pilates-elephants.breathe-education.com/episode/335-how-ana-is-making-100k-teaching-pilates-in-a-tiny-dutch-town,yes,335-how-ana-is-making-100k-teaching-pilates-in-a-tiny-dutch-town.txt,https://transcripts.captivate.fm/transcript/1e2c169a-c1bc-426a-bcf9-634edb31ddea/index.html
336,336. How Build A Studio That Attracts VIP Clients with Patricia Robinson,"20th November, 2025",https://pilates-elephants.breathe-education.com/episode/336-how-build-a-studio-that-attracts-vip-clients-with-patricia-robinson,yes,336-how-build-a-studio-that-attracts-vip-clients-with-patricia-robinson.txt,https://transcripts.captivate.fm/transcript/e1fc0555-1967-4536-8039-2cd7bd87f897/index.html
337,337. What are lunges for?,"23rd November, 2025",https://pilates-elephants.breathe-education.com/episode/335-what-are-lunges-for,yes,337-what-are-lunges-for.txt,https://transcripts.captivate.fm/transcript/b4e23cd2-0461-4cba-9d76-b96d80b7c6f7/index.html
338,338. The 3 Skills That Differentiate Average Pilates Instructors From Superstars,"27th November, 2025",https://pilates-elephants.breathe-education.com/episode/338-the-3-skills-that-differentiate-average-pilates-instructors-from-superstars,no,,
339,339. Is Pilates Education Increasing Our Risk Of Injury?,"7th December, 2025",https://pilates-elephants.breathe-education.com/episode/339-is-pilates-education-increasing-our-risk-of-injury,yes,339-is-pilates-education-increasing-our-risk-of-injury.txt,https://transcripts.captivate.fm/transcript/3ce9b220-403b-4d7a-add1-ed6fb1ba0071/index.html
340,340. What's the minimum effective dose of Pilates for strengthening?,"14th December, 2025",https://pilates-elephants.breathe-education.com/episode/340-whats-the-minimum-effective-dose-of-pilates,yes,340-what-s-the-minimum-effective-dose-of-pilates-for-strengthening.txt,https://transcripts.captivate.fm/transcript/9d8cf0b9-ad0d-42be-be7c-6dbcc2b97f96/index.html
341,341. There's a grape under your back,"21st December, 2025",https://pilates-elephants.breathe-education.com/episode/341-theres-a-grape-under-your-back,yes,341-there-s-a-grape-under-your-back.txt,https://transcripts.captivate.fm/transcript/6b129cfb-dee4-4767-9b89-de4dab686c25/index.html
342,342. 3 Pilates exercises walk into a bar...,"28th December, 2025",https://pilates-elephants.breathe-education.com/episode/342-what-do-flamingo-arms-in-straps-and-knee-pulls-have-in-common,yes,342-3-pilates-exercises-walk-into-a-bar.txt,https://transcripts.captivate.fm/transcript/107ee467-4400-437f-8614-eb7f366fe3d9/index.html
343,343. Why Your Clients Don’t Show Up (Even When They Want To),"4th January, 2026",https://pilates-elephants.breathe-education.com/episode/344-why-your-clients-dont-show-up-even-when-they-want-to,yes,343-why-your-clients-dont-show-up-even-when-they-want-to.txt,https://transcripts.captivate.fm/transcript/e6d53b8e-51e7-4551-981e-2aba3f638947/index.html
344,344. Text Neck Isn’t Causing Your Neck Pain,"11th January, 2026",https://pilates-elephants.breathe-education.com/episode/344-text-neck-isnt-causing-your-neck-pain,yes,344-text-neck-isnt-causing-your-neck-pain.txt,https://transcripts.captivate.fm/transcript/30f57690-06e8-4142-8ff5-c524eff8bc4f/index.html
345,345. Where Should I Be Feeling This?,"18th January, 2026",https://pilates-elephants.breathe-education.com/episode/345-where-should-i-be-feeling-this,yes,345-where-should-i-be-feeling-this.txt,https://transcripts.captivate.fm/transcript/bf2a59be-804f-421f-9a35-7d93f3a21390/index.html
346,346. Why Dallas sold half her studio - then bought it back,"25th January, 2026",https://pilates-elephants.breathe-education.com/episode/347-why-dallas-sold-half-her-studio-then-bought-it-back,yes,346-why-dallas-sold-half-her-studio-then-bought-it-back.txt,https://transcripts.captivate.fm/transcript/77895240-3687-4ba9-937f-2e01f9b97f8a/index.html
347,347. Why “Quiet the Big Muscles” Is Wrong,"1st February, 2026",https://pilates-elephants.breathe-education.com/episode/347-why-quiet-the-big-muscles-is-wrong,yes,347-why-quiet-the-big-muscles-is-wrong.txt,https://transcripts.captivate.fm/transcript/92747460-848b-426e-8c97-b716b1f4e67a/index.html
348,"348. Progressing Strength, Flexibility & Skill In Pilates","8th February, 2026",https://pilates-elephants.breathe-education.com/episode/348-progressing-strength-flexibility-skill-in-pilates,yes,348-progressing-strength-flexibility-skill-in-pilates.txt,https://transcripts.captivate.fm/transcript/2aa158ba-fd21-454d-9ff0-7c5552a168d2/index.html
349,349. Great Instructors Fill Classes,"15th February, 2026",https://pilates-elephants.breathe-education.com/episode/349-great-instructors-fill-classes,yes,349-great-instructors-fill-classes.txt,https://transcripts.captivate.fm/transcript/30c040b2-4607-4eb6-9781-c2e850e1a2ec/index.html
350,350. The Law of the Spring:,"22nd February, 2026",https://pilates-elephants.breathe-education.com/episode/350-the-law-of-the-spring-,yes,350-the-law-of-the-spring.txt,https://transcripts.captivate.fm/transcript/8d54e929-0291-45a3-9190-af3df569e78e/index.html
351,351. Nathan Ross Rees - Total Instructor Accountability,"1st March, 2026",https://pilates-elephants.breathe-education.com/episode/351-nathan-ross-rees-total-instructor-accountability,yes,351-nathan-ross-rees-total-instructor-accountability.txt,https://transcripts.captivate.fm/transcript/a4b4ba3a-4f48-4e8b-be26-18371509dd52/index.html
352,352. Adam McAtee - We Don't Get to Redefine Physics,"8th March, 2026",https://pilates-elephants.breathe-education.com/episode/352-adam-mcatee-we-dont-get-to-redefine-physics,yes,352-adam-mcatee-we-don-t-get-to-redefine-physics.txt,https://transcripts.captivate.fm/transcript/8ac0849c-353a-4d93-9298-99c1c46ce1fe/index.html
353,353. Don't confuse giving information with teaching,"15th March, 2026",https://pilates-elephants.breathe-education.com/episode/353-dont-confuse-giving-information-with-teaching,yes,353-don-t-confuse-giving-information-with-teaching.txt,https://transcripts.captivate.fm/transcript/5807a1a5-b1e8-4134-8261-147cd9eddf12/index.html
354,354. What to do if your classes are not full,"22nd March, 2026",https://pilates-elephants.breathe-education.com/episode/334-what-to-do-if-your-classes-are-not-full,yes,354-what-to-do-if-your-classes-are-not-full.txt,https://transcripts.captivate.fm/transcript/98369df6-8035-47c2-9b1c-394c32c7db91/index.html
355,355. Great instructors DO fill classes - here's why,"29th March, 2026",https://pilates-elephants.breathe-education.com/episode/355-great-instructors-do-fill-classes-heres-why,yes,355-great-instructors-do-fill-classes-here-s-why.txt,https://transcripts.captivate.fm/transcript/bf2b654c-759c-40bf-95e2-b6c756b7eb62/index.html
356,356. Are contraindications actually real?,"6th April, 2026",https://pilates-elephants.breathe-education.com/episode/356-are-contraindications-actually-real,yes,356-are-contraindications-actually-real.txt,https://transcripts.captivate.fm/transcript/9fc1a386-452e-4564-b5c1-924dca7d32ad/index.html
357,357. Live Lecture: Foundations of Rehab,"12th April, 2026",https://pilates-elephants.breathe-education.com/episode/357-live-lecture-foundations-of-rehab,yes,357-live-lecture-foundations-of-rehab.txt,https://transcripts.captivate.fm/transcript/fc4ba116-543a-476a-b458-111c254832e8/index.html
358,358. Is your studio a Food Hall or a Restaurant?,"19th April, 2026",https://pilates-elephants.breathe-education.com/episode/358-is-your-studio-a-food-hall-or-a-restaurant,yes,358-is-your-studio-a-food-hall-or-a-restaurant.txt,https://transcripts.captivate.fm/transcript/83b26ea3-07f0-4c9e-ad7b-44d0acdf802b/index.html
359,359. How to Train Great Pilates Instructors Fast,"26th April, 2026",https://pilates-elephants.breathe-education.com/episode/359-how-to-train-great-pilates-instructors-fast,yes,359-how-to-train-great-pilates-instructors-fast.txt,https://transcripts.captivate.fm/transcript/98b27a11-8c9b-4012-91f8-87834ae31907/index.html
360,360. Nathan Ross Rees interviews Raph,"17th May, 2026",https://pilates-elephants.breathe-education.com/episode/360-nathan-ross-rees-interviews-raph,yes,360-nathan-ross-rees-interviews-raph.txt,https://transcripts.captivate.fm/transcript/a6ad7abd-5d07-4bcd-b1a8-ec013d5292ed/index.html
361,361. How important is exercise form for results?,"24th May, 2026",https://pilates-elephants.breathe-education.com/episode/361-how-important-is-exercise-form-for-results,yes,361-how-important-is-exercise-form-for-results.txt,https://transcripts.captivate.fm/transcript/0a004dc3-c615-4529-adb6-d60cabc96e40/index.html
362,362. Live lecture: What Actually Causes Neck Pain (It's Not Your Posture),"14th June, 2026",https://pilates-elephants.breathe-education.com/episode/362-live-lecture-what-actually-causes-neck-pain-its-not-your-posture,no,,
363,363. How to keep your clients safe in Pilates according to science,"21st June, 2026",https://pilates-elephants.breathe-education.com/episode/363-how-to-keep-your-clients-safe-in-pilates-according-to-science,yes,363-how-to-keep-your-clients-safe-in-pilates-according-to-science.txt,https://transcripts.captivate.fm/transcript/80fcb07e-f3e3-48f5-9021-4e3968064bf3/index.html
364,364. ITB: Why you might not want it loose,"5th July, 2026",https://pilates-elephants.breathe-education.com/episode/364-itb-why-you-might-not-want-it-loose,no,,
365,365. Why you should stop cueing knee alignment,"12th July, 2026",https://pilates-elephants.breathe-education.com/episode/365-why-you-should-stop-cueing-knee-alignment,yes,365-why-you-should-stop-cueing-knee-alignment.txt,https://transcripts.captivate.fm/transcript/04518149-572f-4dfe-8cdf-3c01c3549523/index.html
,US-based instructors - I want to talk with you!,"10th July, 2021",https://pilates-elephants.breathe-education.com/episode/us-based-instructors-i-want-to-talk-with-you,no,,
,Answering your questions about the Diploma of Clinical Pilates,"24th August, 2021",https://pilates-elephants.breathe-education.com/episode/answering-your-questions-about-the-diploma-of-clinical-pilates,no,,
,"If you like the podcast, now you can read the book!","25th November, 2021",https://pilates-elephants.breathe-education.com/episode/if-you-like-the-podcast-now-you-can-read-the-book,no,,
