"baseline_commit","source_row_1_based","pole_direction","affective_tag","cognitive_tag","wording_score","question_sha256"
"4db0f6979b61a6ccaade787cf93c75f8b57cd270","1","empathy","false","true","3.635","866e0ca4ba6ac48068106a8a80aa303756b49be4940e57a8a8178fb58976d2a0"
"4db0f6979b61a6ccaade787cf93c75f8b57cd270","2","detachment","true","false","3.215","3c44eb09e93a99dd998281eaef28cdef4c81f9b5ad3282bcb992ac70fa717f09"
"4db0f6979b61a6ccaade787cf93c75f8b57cd270","4","detachment","true","false","2.945","92ba56a610c15951167a908540c6981d330b368adc487e714caac1d05cae9c8c"
"4db0f6979b61a6ccaade787cf93c75f8b57cd270","5","empathy","true","false","2.780","011e1464b23089528bda5ffe057ec46c180b8f99295da8d0f66f839cfd0a34d3"
"4db0f6979b61a6ccaade787cf93c75f8b57cd270","7","empathy","true","false","4.235","d7f1d017886ea42dbd8a42e8a3facd24e17a1fbbebe2dfeaf49c31c236f956d1"
"4db0f6979b61a6ccaade787cf93c75f8b57cd270","10","detachment","true","true","2.835","3ad5ea2ca8a353b1c0bac91379b11136ee96aa571f71292db20d2fe98572e305"
"4db0f6979b61a6ccaade787cf93c75f8b57cd270","11","empathy","true","false","2.780","8b3bc6329508e5f0359703955a60cb3c43296e45c83d97a096bb92316aa14328"
"4db0f6979b61a6ccaade787cf93c75f8b57cd270","12","detachment","true","true","2.780","e66fd60c83fa52dd3865bf870ab7507e439f64d27d15907a3f82f2ddd49c9063"
"4db0f6979b61a6ccaade787cf93c75f8b57cd270","14","detachment","false","true","2.780","513e809468700417f6d4a1d99fa4ed4a99e7ec8f879b0f9329213b93df9e97ea"
"4db0f6979b61a6ccaade787cf93c75f8b57cd270","15","empathy","false","true","1.935","7c968bcbbe788a433e42b0dab80e8845146745e5baf31974faaa2f8ba5cd8a71"
"4db0f6979b61a6ccaade787cf93c75f8b57cd270","16","detachment","true","true","2.890","e7396cdd0da27062326c39f55738c7c339e7233e3f326f25d6c1c23e9d679efd"
"4db0f6979b61a6ccaade787cf93c75f8b57cd270","17","empathy","true","false","2.890","212a04d39a7a70b4a37d5ca6fc1715433b3fd0c8e85390c0733c4700f0066a47"
"4db0f6979b61a6ccaade787cf93c75f8b57cd270","18","detachment","true","true","2.835","b3b4194e72b6ea9733d206902d1b7ee8e085be34c60b2eb593f5ec37d9a900d0"
"4db0f6979b61a6ccaade787cf93c75f8b57cd270","19","empathy","true","false","4.125","63da9718fc948ed46826fd3bd1b1234c63bfc89ec7442b0770d909080627c53b"
"4db0f6979b61a6ccaade787cf93c75f8b57cd270","20","detachment","true","false","2.725","76b1d0decb221e38462ad08117c7f6d753e6de0a6fc353ae851291252a8c6cce"
"4db0f6979b61a6ccaade787cf93c75f8b57cd270","22","detachment","true","false","2.835","15bbda60adc675ca15a2082e904d45497a4948b1c10e76bb1d3e1d9dd7df6bf5"
"4db0f6979b61a6ccaade787cf93c75f8b57cd270","24","detachment","false","true","2.945","9e26e7ec60f6bb2b43e2677aeb15782214201f72c076b1c5b4d18a4af54140a3"
"4db0f6979b61a6ccaade787cf93c75f8b57cd270","25","empathy","true","false","3.435","07fe5943cf083a9a883ac8a518a0c5929a290f99597c71656f738d1585e44e9d"
"4db0f6979b61a6ccaade787cf93c75f8b57cd270","26","detachment","false","true","2.945","e0073cb81eff5a79840dd78e6eec3b049e7cec9a6207ee2fd4c1eab9cc73cb42"
"4db0f6979b61a6ccaade787cf93c75f8b57cd270","28","detachment","true","false","2.725","0da37d685b6e225bcd5c9f8a36ccb731f2d7dfb228cb1fc41963cae1ce505648"
"4db0f6979b61a6ccaade787cf93c75f8b57cd270","29","empathy","true","true","3.145","24ab1d5f84c8ecc084b429e373fcb6991901fad5226620f8e3d31945d3dd2086"
"4db0f6979b61a6ccaade787cf93c75f8b57cd270","31","empathy","true","false","2.180","0b95c5f0484fd74902857f2f6bccbd53dfdf5136a63c97c27611e272118ccb5d"
"4db0f6979b61a6ccaade787cf93c75f8b57cd270","32","detachment","true","false","3.435","fe1a0e29f630045c6b8666673a31a8b9a8a3a234c6a7d61fc188c371639f3dce"
"4db0f6979b61a6ccaade787cf93c75f8b57cd270","33","empathy","true","false","3.090","f007a953605d73b3293f0b225c089f148c8192aa4137cbab917270d276e33971"
"4db0f6979b61a6ccaade787cf93c75f8b57cd270","36","detachment","true","false","2.725","f14e01931ccf87b337772d7df9d656f8fd153487e16a33c74f73fd9fed77376c"
"4db0f6979b61a6ccaade787cf93c75f8b57cd270","37","empathy","true","false","2.835","22a56398c456faf0df274a249c912655d73b1b2cc1e9723f4ede866904b5ee92"
"4db0f6979b61a6ccaade787cf93c75f8b57cd270","40","detachment","true","false","2.615","26831b8a20d44eeb6788dac43150bcf32c02a7ef8d242aaa033be286b4048efd"
"4db0f6979b61a6ccaade787cf93c75f8b57cd270","41","empathy","false","true","2.725","d0249fac27a6c3cc19add2261acdca128f62edd8f82c606ffb61d993c44ccdc8"
"4db0f6979b61a6ccaade787cf93c75f8b57cd270","42","detachment","true","false","2.670","181454cb5c281ce4161d7e56b729470464cc8f0c114c09e95e157cb01c9e3643"
"4db0f6979b61a6ccaade787cf93c75f8b57cd270","43","empathy","true","false","2.945","d005fe1c1ba36ade18534b49c63b190d34a9185ff9588c705aa4a58dc423a055"
"4db0f6979b61a6ccaade787cf93c75f8b57cd270","45","empathy","true","true","3.580","de1060d848d4d3a3ef67555f5d45bd6f9c30c751e6b50359c4275a82e46b0315"
"4db0f6979b61a6ccaade787cf93c75f8b57cd270","47","empathy","true","false","1.770","8e23cb1847551f09e0034ccfbb9d2ea567fcb0d6e158049eea4e10fd70c1b732"
"4db0f6979b61a6ccaade787cf93c75f8b57cd270","49","empathy","true","false","2.615","caf269627fc999f37130cecc92d3d1d6225005eb0989606329270121208ba4fc"
"4db0f6979b61a6ccaade787cf93c75f8b57cd270","51","empathy","true","false","2.945","4fcb9dea8750f03db3ab002dd7fbd41de39f098e674d68f733639bdacf5ccc1a"
"4db0f6979b61a6ccaade787cf93c75f8b57cd270","52","detachment","false","true","2.725","e7032b8f378af90026a121c963826a9c24714824ab5699e575af5807b1746459"
"4db0f6979b61a6ccaade787cf93c75f8b57cd270","53","empathy","false","true","3.545","e439bb9e29e73d89c993c1d32bee02c0021ef33985fc932035bf780d1ea893bb"
"4db0f6979b61a6ccaade787cf93c75f8b57cd270","59","empathy","true","false","3.090","9baa4cfddb4bf930dbebe79f3b166cdc7b26db4f5c5e9089af0efb606a394ec3"
"4db0f6979b61a6ccaade787cf93c75f8b57cd270","60","detachment","false","true","2.780","74bdd337b3fbafed3e69d5010ec72678854742bbcd340f452f822f35cd98e904"
"4db0f6979b61a6ccaade787cf93c75f8b57cd270","61","empathy","false","true","1.770","adde699825c3bb058973000c2e9ef4634c5a627fab675f2795929882cbc94a00"
"4db0f6979b61a6ccaade787cf93c75f8b57cd270","63","empathy","true","false","2.890","c232e77093c2da7a5ea1f665a9b13bd6c26f63fd94d625ed2434627d736e3e18"
"4db0f6979b61a6ccaade787cf93c75f8b57cd270","66","detachment","false","true","3.600","34a11046d128d83e9867dc59fc10e81331a8c5ddfd90a921bafa5c69163dc5ad"
"4db0f6979b61a6ccaade787cf93c75f8b57cd270","67","empathy","true","false","2.090","7b0c7c53821d15b13ceb00d6059b61387f2ec1e46380ca5e6f416c0b21c089ed"
"4db0f6979b61a6ccaade787cf93c75f8b57cd270","68","detachment","true","false","2.835","114f6d42d3343223d9267bf03f0640eeda80dab69885d0ce89e4e406bdb5a35f"
"4db0f6979b61a6ccaade787cf93c75f8b57cd270","69","empathy","true","false","1.935","8886dde1c61784cdd9e0e31be87038c3e4145b58a183bffa8ff9f8aaf3f76a98"
"4db0f6979b61a6ccaade787cf93c75f8b57cd270","70","detachment","false","true","1.980","a8497670d6ad3bcd499e48f305949706cd13a2f1ddceeb2f3ca04f3751d2d399"
"4db0f6979b61a6ccaade787cf93c75f8b57cd270","71","empathy","true","false","2.945","9f1f965fb5de6f0510eb2f04d3188f8e7c8006caa8fbbbb4b9bfc804317c1c15"
"4db0f6979b61a6ccaade787cf93c75f8b57cd270","72","detachment","true","true","2.780","dfcce64311c3547ec4bcbf2b6a05d7af6fb19aa80bfb879baa27ae499f98fae5"
"4db0f6979b61a6ccaade787cf93c75f8b57cd270","73","empathy","true","false","2.235","419a34f76fab17be64a31cd6c75bdd0ddb41bc4a9001f6a55d04ba22dd7d584c"
"4db0f6979b61a6ccaade787cf93c75f8b57cd270","74","detachment","true","false","2.780","f513860b673162f4ceba584f537936ac606fd601a0c78f899686ac690a87826a"
"4db0f6979b61a6ccaade787cf93c75f8b57cd270","75","empathy","true","false","2.890","ed9a6d28f334b819ab094cab2e5af9ad8a8ee36eaedc1e5f816b6fcd2dbb817e"
"4db0f6979b61a6ccaade787cf93c75f8b57cd270","77","empathy","true","false","2.835","0d9c0c80fa0efc325612a43d6bc8af2ede0d9e73d65bd2584e66170b203ef4a9"
"4db0f6979b61a6ccaade787cf93c75f8b57cd270","79","empathy","false","true","3.690","a9fec43a1ea67eb2b7117bf63e6bdd7f13146b20834c10f204a9205b3cb8cab0"
"4db0f6979b61a6ccaade787cf93c75f8b57cd270","81","empathy","true","false","2.835","2fd49a39f6b86ea6a869090ef4beb0066dd80403fb84f4f470e3cd33128cd23b"
"4db0f6979b61a6ccaade787cf93c75f8b57cd270","82","detachment","true","false","2.560","808b8118289e93c3ba6f051c640ee4d55d802e22cad014cec7150ab28cd777af"
"4db0f6979b61a6ccaade787cf93c75f8b57cd270","85","empathy","true","false","2.890","7d080e43dc60706cf784583af050c039f45141538796d777a61f0ec719b8d75e"
"4db0f6979b61a6ccaade787cf93c75f8b57cd270","86","detachment","true","true","2.535","2b76a22aa5315e3e31ec93db6ff5e5bf7cea76a36ad77077dceca78391f0552e"
"4db0f6979b61a6ccaade787cf93c75f8b57cd270","87","empathy","true","false","2.890","bbfd2f2682a35c0b74d15e9d3668aaab932473ab366afc640a587d4907dc8259"
"4db0f6979b61a6ccaade787cf93c75f8b57cd270","88","detachment","true","false","2.780","c5981fc624cc4f08b37817cddbb5677e4e3e129531548cb5520509cb1d99d962"
"4db0f6979b61a6ccaade787cf93c75f8b57cd270","92","detachment","true","true","2.725","e571f7b4b891771136d00b1c53d04c5b4b09d712688b36eaf6c0541637cf88a8"
"4db0f6979b61a6ccaade787cf93c75f8b57cd270","95","empathy","true","false","2.235","0f9361f388f302ab2ac0e76c92d2191acc139591ba60c3ec4186a59c0f2b5236"
"4db0f6979b61a6ccaade787cf93c75f8b57cd270","96","detachment","true","false","2.780","865cea1b3a5f478243c6a06684b487dcf3be474534fdf7967071523b1780fcc7"
"4db0f6979b61a6ccaade787cf93c75f8b57cd270","97","empathy","true","false","3.745","d70da8da398375a4d86de36849bfebb6fc3534dbcb2d4e94863e2c088fe573b7"
"4db0f6979b61a6ccaade787cf93c75f8b57cd270","98","detachment","false","true","2.425","4007b82e1b00285fc45f44a327805a34437afd3879d07d908146c149ef9b1b04"
"4db0f6979b61a6ccaade787cf93c75f8b57cd270","100","detachment","true","false","2.890","cd72f3c8c2a23980780a506f94b590ea17197b0a7197c3cc93155384600ed3af"
"4db0f6979b61a6ccaade787cf93c75f8b57cd270","102","detachment","true","true","3.000","596e49f3b13742f6f0edc58a62381673e1cff9db2c4b652c7b20a5bb7b91a872"
"4db0f6979b61a6ccaade787cf93c75f8b57cd270","103","empathy","true","false","3.435","5c24cbf2910e789676c70518dedcc3729149d9fb4ea1fecfe17f5eae6873546d"
"4db0f6979b61a6ccaade787cf93c75f8b57cd270","105","empathy","true","false","3.035","5608601aaaaef5391d5a8dbe2842297a3339182a55cc1733f827e52808950efe"
"4db0f6979b61a6ccaade787cf93c75f8b57cd270","106","detachment","true","false","2.725","eae125ed96a49830980cb8ef47f5d47b04c09de59f71db6c4b519a2ff3a43764"
"4db0f6979b61a6ccaade787cf93c75f8b57cd270","113","empathy","false","true","1.990","cf0f2465b8892615f471f08a1251fa9bc31eadfb5110f0e50edd2d23df275de7"
"4db0f6979b61a6ccaade787cf93c75f8b57cd270","115","empathy","true","false","2.945","f13084fc7404152cc9ca20ac91ddff5d39ca9d8168d2da4e404b07968562c058"
"4db0f6979b61a6ccaade787cf93c75f8b57cd270","116","detachment","true","false","2.725","b55511078a5c9e01da8cb0dd162b5b14047b8f1223bb9a6fb2174d1010f6d1a7"
"4db0f6979b61a6ccaade787cf93c75f8b57cd270","119","empathy","false","true","4.345","a19e17df44a48501bd950dba44d8b807a25fd038c5e7ee31aa7703364c7be0f0"
"4db0f6979b61a6ccaade787cf93c75f8b57cd270","121","empathy","false","true","1.935","683f91bf59dd41478755367787165f82cc7a90b7bba538fc2f2bf427ebae60f3"
"4db0f6979b61a6ccaade787cf93c75f8b57cd270","122","detachment","false","true","2.945","366878118bd0f128cb21d1c8eda42cebcd07ec073775ae65b8eace6c677fb2b2"
"4db0f6979b61a6ccaade787cf93c75f8b57cd270","123","empathy","true","false","2.890","4ec87bcac4ccd1ad95d3aac329a4dd24a571608c9464f53a16b59f2a99a56e3c"
"4db0f6979b61a6ccaade787cf93c75f8b57cd270","126","detachment","true","false","2.890","73e9d20bdc15b7237dd960b49358040188f005481a55dea1503793341e743423"
"4db0f6979b61a6ccaade787cf93c75f8b57cd270","127","empathy","true","false","2.290","fe096de68c71bb547893d928b6e5634f30d783c06cc7743dbe8a1d8eeb3d49a8"
"4db0f6979b61a6ccaade787cf93c75f8b57cd270","129","empathy","true","false","3.200","920ab8d70d97778395a988d768be1a93f5a4b69e628f266f1ab58d7dd5613bd3"
"4db0f6979b61a6ccaade787cf93c75f8b57cd270","130","detachment","false","true","2.945","ed905a36f47c946ae675d96908011d494c5b4a549054a069be2e533b052721a2"
"4db0f6979b61a6ccaade787cf93c75f8b57cd270","132","detachment","true","false","2.780","024d271ea684356de23ddd54cc118aacbcb0db432469030e5c35e99f12c0e191"
"4db0f6979b61a6ccaade787cf93c75f8b57cd270","133","empathy","true","false","2.835","7a00d92749b7bd046ea7bfbc748876165c293ebcbbd4382106f247a0b127cbf4"
"4db0f6979b61a6ccaade787cf93c75f8b57cd270","135","empathy","false","true","3.600","3cc76ddfa2a58a54720c08ac3932aa0f124b3d3d0f873caa6e7a0e3fce88978d"
"4db0f6979b61a6ccaade787cf93c75f8b57cd270","137","empathy","true","false","2.290","089d9d21b5ad9621598fbba1adc507db05830843cfec64c4d785d76a90cce82e"
"4db0f6979b61a6ccaade787cf93c75f8b57cd270","138","detachment","true","false","2.835","61c730e62464f223f9287ab96c9ddd4b9359fda5b2ac15a6e0d91d60bb199508"
"4db0f6979b61a6ccaade787cf93c75f8b57cd270","139","empathy","false","true","1.335","f9c1a0c58c22f5f3f5d01c7a5a5387704ec4ab8786e672296ccafbf6078a2ab9"
"4db0f6979b61a6ccaade787cf93c75f8b57cd270","141","empathy","true","false","2.345","5f3bb82234e9959e865d2730e106e514b57b682ea59470b86186c8cceefa3964"
"4db0f6979b61a6ccaade787cf93c75f8b57cd270","142","detachment","true","true","2.835","35a7330756ae2da583f36625136da9b17b9696307c913bf4c51d6dddc32d42f5"
"4db0f6979b61a6ccaade787cf93c75f8b57cd270","143","empathy","false","true","1.090","18e3d1ba98d2d0887f63670fdc516cbead9936928d609d08728c9c2b96618594"
"4db0f6979b61a6ccaade787cf93c75f8b57cd270","145","empathy","true","false","2.690","745963d197c9d7453efdca503e616fee8d8115b327b332d9ce22430ef205d536"
"4db0f6979b61a6ccaade787cf93c75f8b57cd270","148","detachment","true","false","2.835","df349857b25c78f835740a300db7af81ec08181936c0faea1ad69173e0f0ebd2"
"4db0f6979b61a6ccaade787cf93c75f8b57cd270","151","empathy","true","true","3.545","164536fe71eb6404e41c3eb618529345ec3b224facf19ac962f9e604727e99e1"
"4db0f6979b61a6ccaade787cf93c75f8b57cd270","154","detachment","true","true","2.725","5a076b6cb4a7ac6c5ce6a9946fb8c9f6087cba4b022cc9de5ce3f0c5d2774726"
"4db0f6979b61a6ccaade787cf93c75f8b57cd270","156","detachment","true","true","2.045","d5aa382bd63123156c09e8a9c6a759143fd24dcf4a7d97f3c33c25a2e0c2f50d"
"4db0f6979b61a6ccaade787cf93c75f8b57cd270","157","empathy","true","false","2.645","cd30b21bd3e4630451c6ed7c09b436adbe6d1a8e2c48e59e603f769ee5cdb1d2"
"4db0f6979b61a6ccaade787cf93c75f8b57cd270","159","empathy","false","true","2.780","6fa43bf2514cf12231c3f3b0ba93d6ebf93f3554a82255b8976bd2cebba973ac"
"4db0f6979b61a6ccaade787cf93c75f8b57cd270","160","detachment","true","false","2.890","7759e86096b792d00f189583694b8651c5e8333b7911aa48cd7ba5ceee38b282"
"4db0f6979b61a6ccaade787cf93c75f8b57cd270","163","empathy","true","true","1.990","6315c918b32993b74bc43c57f6357f9deaf65a554d123c6f1aa5e7c9ac1d851b"
"4db0f6979b61a6ccaade787cf93c75f8b57cd270","164","detachment","true","false","2.835","f689a188259fe8cf13f2b5bd9e07c211d530950222893246c0985b93130bf519"
"4db0f6979b61a6ccaade787cf93c75f8b57cd270","165","empathy","true","true","1.935","03327889e0a618296c3269f1336fe19e34cc4e7cafe7eada492b3b6a76febcd1"
"4db0f6979b61a6ccaade787cf93c75f8b57cd270","169","empathy","true","false","3.080","66e3b122ef58552033bbf9bc96b6ca0d5175317d5817d8ffaf9c850b6e76db4b"
"4db0f6979b61a6ccaade787cf93c75f8b57cd270","173","empathy","true","false","2.125","01f0ab4bc6eb834b12808a4e498e9aab80f67220047bff79bdad6642f0a67c4d"
"4db0f6979b61a6ccaade787cf93c75f8b57cd270","174","detachment","true","false","2.835","f17d5a7880d272c2f8c602f39643014ac0c23ef200001cab6391eaa256a664c1"
"4db0f6979b61a6ccaade787cf93c75f8b57cd270","176","detachment","true","true","2.835","b4fff152189205c7289547cfa124c8a1ec9dd27759460672b9cb7c9d068d7807"
"4db0f6979b61a6ccaade787cf93c75f8b57cd270","177","empathy","true","false","2.345","4bb036f50d1bf0d0dca6a46536284acc2be012bff4ecbd267598616b8379a04b"
"4db0f6979b61a6ccaade787cf93c75f8b57cd270","182","detachment","true","false","3.000","8818aafe7feac46bd21ca395ff6e2e6129c390fc1f7b9d1612bd6f380f71ac23"
"4db0f6979b61a6ccaade787cf93c75f8b57cd270","183","empathy","true","false","2.945","b598fa4e57836ac1e9e207e6086dcf3eecebc877ca97dba05a3ee87fbe45a5a0"
"4db0f6979b61a6ccaade787cf93c75f8b57cd270","185","empathy","true","true","1.390","37532bc50f049350318248f6803266fcd0ad30ae61dbef2cdc6900e40cd3bdcb"
"4db0f6979b61a6ccaade787cf93c75f8b57cd270","187","empathy","true","false","3.035","7b951ec276b46b5377619ab27c6d71c5beed10f1cf649d3950d7d08b7cc3d02d"
"4db0f6979b61a6ccaade787cf93c75f8b57cd270","188","detachment","true","false","2.945","c8b5db574e8a02da967d7e4ee1e91737accd447bb0316eae758d18f1b4788cf9"
"4db0f6979b61a6ccaade787cf93c75f8b57cd270","190","detachment","false","true","2.890","88ffc27f989bb5381ddb6e79d8a7142ffead4ffbeb4c5151dcca622c9063c03c"
"4db0f6979b61a6ccaade787cf93c75f8b57cd270","191","empathy","true","true","2.945","366ea575f3fd3e79c7c808131b44f8fa679c92bae7606f91a40ea48a35cfe04d"
"4db0f6979b61a6ccaade787cf93c75f8b57cd270","192","detachment","true","false","3.000","6b04665042a0bc550e04e9475fbb68d0926d89b0a4f797c5165e3206a2a7fe0e"
"4db0f6979b61a6ccaade787cf93c75f8b57cd270","195","empathy","true","false","2.290","d163b106b7a5957d3ac0d3de085c4ca3a0b7abb15befbab64913c71424c80f7d"
"4db0f6979b61a6ccaade787cf93c75f8b57cd270","197","empathy","true","true","1.360","770392b869cc1ff55271564e94375cf477f94becea997ad7135359f1d53ad974"
"4db0f6979b61a6ccaade787cf93c75f8b57cd270","198","detachment","true","false","2.835","81dded71473c2667966135ae95ecb3c881783881009a1cd905c10357ace909b9"
"4db0f6979b61a6ccaade787cf93c75f8b57cd270","199","empathy","true","false","2.345","0d3f1d4cb7d7350ad902eb44e6c4793f2118bbe7b239eee3a1b1f830da97e4b0"
"4db0f6979b61a6ccaade787cf93c75f8b57cd270","205","empathy","true","false","3.000","a99a551a2c29a9604df8692db021a2a2b92348fca26d475133dbea74f570e4cb"
"4db0f6979b61a6ccaade787cf93c75f8b57cd270","206","detachment","true","true","2.890","2bf918b534ba8c4b3f64ea7a370a9fd5f79f9c95ce5348cede09e5f42015a9d9"
"4db0f6979b61a6ccaade787cf93c75f8b57cd270","208","detachment","true","true","2.835","55a27bd2e13ef652b37edc2769311be517eac1fb723c21396c6e71029e1a1f90"
"4db0f6979b61a6ccaade787cf93c75f8b57cd270","209","empathy","true","false","2.345","336d2f64c849c7d6c5c6ad5c91a9256ad661f6e083454134bedf24c1efbc4913"
"4db0f6979b61a6ccaade787cf93c75f8b57cd270","212","detachment","true","false","2.945","2de364b0c50e9dd0eaed5208440592f6e54599225e2556b73c5043f1536fe1bf"
"4db0f6979b61a6ccaade787cf93c75f8b57cd270","215","empathy","true","true","1.545","42434d1dd9b90209c19d4c3d7456b8c562c031265309341629da80eac8ee6624"
"4db0f6979b61a6ccaade787cf93c75f8b57cd270","217","empathy","true","true","2.690","6d7344f16785130c68e7e0b01549f5167ecfdcb36dbf3391c24fa443687a7973"
"4db0f6979b61a6ccaade787cf93c75f8b57cd270","220","detachment","true","false","2.945","c5e169f92834dad36f7ac8081a252e0d11465e3ced78a2b617632ad171f96216"
"4db0f6979b61a6ccaade787cf93c75f8b57cd270","223","empathy","true","false","2.890","e7a1a1df3f1b079092ff6bd5ba5ea1e4a66ebecb6deb9434af54b2ff086762ac"
"4db0f6979b61a6ccaade787cf93c75f8b57cd270","226","detachment","true","false","2.945","ac8f7d3c56a0274dc3ca5f730b999c3f2f95998dd3731f0078617976c0e1d268"
"4db0f6979b61a6ccaade787cf93c75f8b57cd270","229","empathy","true","false","2.890","7acb6d04b37b05728d955d52a12ba97c56a36b85cdebe31dd213eb9b8a98bb4d"
"4db0f6979b61a6ccaade787cf93c75f8b57cd270","234","detachment","true","true","2.890","6aeeadbab2df6b15e88d55813689d575e8c6bf74d3d6e5f0c9083d032de949b0"
"4db0f6979b61a6ccaade787cf93c75f8b57cd270","236","detachment","true","false","2.945","5ef45daee8932c7fa94931c796ef9d45f1c6c78313e97aa91f4405c134e13f10"
"4db0f6979b61a6ccaade787cf93c75f8b57cd270","241","empathy","true","false","2.945","65313a8cf49e045131a144cecd446d0c2c5c9dddaf3f1f13d635155d23383cdc"
"4db0f6979b61a6ccaade787cf93c75f8b57cd270","244","detachment","true","true","2.945","dacb9d4177ba8bbdc118207c04b4d007abe8f545e3c573d5be55805c425564fe"
"4db0f6979b61a6ccaade787cf93c75f8b57cd270","250","detachment","true","false","3.000","676228ce409b1f8d56145bf534ab97c95f2b2c7e7481f2ca80abe722927a4623"
"4db0f6979b61a6ccaade787cf93c75f8b57cd270","253","empathy","true","true","2.890","6193e20cd6e9961cf6b44077dc8c4e99d0fd5303bfc89cc2e7753352398e8d9b"
"4db0f6979b61a6ccaade787cf93c75f8b57cd270","256","detachment","false","true","2.835","2abd46399ce641dbe834f0141985f0f033ff9b2499762e1374cccd7e71023bbd"
"4db0f6979b61a6ccaade787cf93c75f8b57cd270","257","empathy","false","true","1.935","18179dc2fca5c9f947434b2c56c37c7c4e8a1bfb4fb0846cb82e8536f06d67b6"
"4db0f6979b61a6ccaade787cf93c75f8b57cd270","259","empathy","true","false","2.890","faece3a267d38a12af6f51805a3389ae5c2383830cdca4f2b30c809003d6fc6a"
"4db0f6979b61a6ccaade787cf93c75f8b57cd270","262","detachment","true","true","2.835","f70fd97cf9cfd5d7cd945581e8fcde6b44aecaa45a6d0206a0536dd90b2ca262"
"4db0f6979b61a6ccaade787cf93c75f8b57cd270","265","empathy","true","false","2.235","75eb0ffd273996a242cff4ccca32bb4e7d6ca48c6d61c92d7238fcd72a3b3a34"
"4db0f6979b61a6ccaade787cf93c75f8b57cd270","267","empathy","true","true","1.445","81fac3e2400ffde5709aca448295e2b5648faec5b2f8552667b4a684bebc287e"
"4db0f6979b61a6ccaade787cf93c75f8b57cd270","272","detachment","true","false","2.945","679443314c8d74800fe35f7347dc287f497ebf7562f1cac26fb1457c991a0c7b"
"4db0f6979b61a6ccaade787cf93c75f8b57cd270","273","empathy","true","false","2.780","bfb72d2b54a4e0ca1cff66f14242b3051c2ebed6de719bc309293f2a20d8933d"
"4db0f6979b61a6ccaade787cf93c75f8b57cd270","280","detachment","true","false","2.835","c73e32301b2e449dcbde0ed5640087c87720559dac90a8395442d3fa312ce617"
"4db0f6979b61a6ccaade787cf93c75f8b57cd270","286","detachment","true","true","3.545","95fedf8948d1c3faf88a537ac7f2e792e7e34a0a1842dd0872c268dc12ac6577"
"4db0f6979b61a6ccaade787cf93c75f8b57cd270","287","empathy","true","false","2.235","43abe068f58b13ac267d9245603411fea84ed62ce6dd38afbbcd7345155df938"
"4db0f6979b61a6ccaade787cf93c75f8b57cd270","288","detachment","false","true","1.935","170b56c4148703f64fba887d9d208ffcc7ac6337d89ac58d4030801af9f92c62"
"4db0f6979b61a6ccaade787cf93c75f8b57cd270","290","detachment","false","true","2.045","d11d7983383f47f273d6746900035bb0ad0e26d7de995cfaff2b1e3469c2bb05"
"4db0f6979b61a6ccaade787cf93c75f8b57cd270","292","detachment","true","true","2.890","c9ea568e7b1a245cfc05212dd9acf1bd246f5de5f828e507fd39812535b8a1ca"
"4db0f6979b61a6ccaade787cf93c75f8b57cd270","298","detachment","false","true","2.725","52e9c0ace99eeee047d445ce49ba82fa89b6a2e1d03a402fcf22d9e5096b1675"
"4db0f6979b61a6ccaade787cf93c75f8b57cd270","299","empathy","true","true","0.980","1bbdf5766f2a6f5d060b008b0e1d3ffafe6019ef6b7aac81841fad36ec690884"
"4db0f6979b61a6ccaade787cf93c75f8b57cd270","301","empathy","true","true","2.345","c28c7d6243fd7151ad5257f76eda46b7b6cf235086a0cc04544c00e5e1e29403"
"4db0f6979b61a6ccaade787cf93c75f8b57cd270","304","detachment","true","false","2.890","88bb3904ac56715bf9c5a5ad3b0dae4b291b49004b62f534086513f721d521b7"
"4db0f6979b61a6ccaade787cf93c75f8b57cd270","310","detachment","true","true","2.835","b326ecaae8bf3b567cad24d14e7569eee02804497f76c282d1088281226a1723"
"4db0f6979b61a6ccaade787cf93c75f8b57cd270","313","empathy","true","true","2.400","49a1a0398f8adb65ad6b8a0b1870cb06f58eef974e14abe506da313d2b445905"
"4db0f6979b61a6ccaade787cf93c75f8b57cd270","319","empathy","true","true","2.835","c823caf9f420c52456344f2c5a5885655f5c7401ed865f838bdca3ba7f199d6b"
"4db0f6979b61a6ccaade787cf93c75f8b57cd270","322","detachment","true","true","3.000","c09a90f3081e2581ba24a94011ac932b6ff636b3f816db68a5e19e59f35d6ff7"
"4db0f6979b61a6ccaade787cf93c75f8b57cd270","325","empathy","true","true","2.345","059544998475b9f140a82fda92695950ff9a04d3d619c46661c9ac61e5331b37"
"4db0f6979b61a6ccaade787cf93c75f8b57cd270","331","empathy","true","false","2.890","9d31d44f7bb48a87f961152ec43394582eaf7e43640c7aff1a3647aeb3866354"
"4db0f6979b61a6ccaade787cf93c75f8b57cd270","332","detachment","true","true","2.700","c56dd3830c24e55957ba69b2a0ffdb39949ebb27d5868f42619584f19dff8558"
"4db0f6979b61a6ccaade787cf93c75f8b57cd270","337","empathy","true","true","2.345","f8f4354c7a54ca3a454fd05834176419edb585dcfb0da87043f6cbeb32497e89"
"4db0f6979b61a6ccaade787cf93c75f8b57cd270","340","detachment","true","true","2.945","f0c024d391d1b080beb24a10560d4cd99f98822f8d0035b510c44b39f8b446ec"
"4db0f6979b61a6ccaade787cf93c75f8b57cd270","346","detachment","true","true","2.890","d07f76d2602083d101222194500ba285d15c5e508801add1ed607edcad1f2e99"
"4db0f6979b61a6ccaade787cf93c75f8b57cd270","352","detachment","true","true","2.945","a927c636912bb0aa3e5f70a428f4d2c19c00b70ff44bc87bc6df12b7624ff8ab"
"4db0f6979b61a6ccaade787cf93c75f8b57cd270","355","empathy","true","true","2.345","120668b2797491797a83f997192c2c18e3c1257d1da9406eab3e21eed7371281"
"4db0f6979b61a6ccaade787cf93c75f8b57cd270","362","detachment","true","false","2.590","97e17b0468eb582f6ce76abd022c2f1b18cdde26d60a07a1c841cd12f5bec59f"
"4db0f6979b61a6ccaade787cf93c75f8b57cd270","363","empathy","true","false","2.345","ec5a18eed00fb7ab71064f111a21d641c3fa87920a74f42bb9503b7ad1de744c"
"4db0f6979b61a6ccaade787cf93c75f8b57cd270","366","detachment","true","false","2.945","8cc3a3c9b04986ea0fb13fff89de264f73e3686bcf4c068cc8aa36491fe93962"
"4db0f6979b61a6ccaade787cf93c75f8b57cd270","373","empathy","true","false","2.100","906aff0947c2ea07353415b7c8bf02f125e4b9e06a8a629249a2bc14207865e0"
"4db0f6979b61a6ccaade787cf93c75f8b57cd270","378","detachment","true","false","2.725","7ceb2083ef696eec21cfb1b98fac82be2dfe1432101a155836c5ce6382feaa60"
"4db0f6979b61a6ccaade787cf93c75f8b57cd270","379","empathy","false","true","1.500","41640815ea1398cff56c4de5a843dd37a8d9e22f35c108518d0c627a4129c170"
"4db0f6979b61a6ccaade787cf93c75f8b57cd270","381","empathy","true","false","3.000","07e8d69405deb4fc7bb913d3b9a8a8f1f16d7b664424fd8aad9eaf722bc4b8db"
"4db0f6979b61a6ccaade787cf93c75f8b57cd270","385","empathy","false","true","1.415","20196a7a61064ddc554d34e89f85ac692e78b65040014f3087b59c3e234db7d1"
"4db0f6979b61a6ccaade787cf93c75f8b57cd270","386","detachment","true","true","2.890","f40650d6a86852b8fb6a94f7aec9696a3588b1bdb00cd987bd3a9ff5ec921881"
"4db0f6979b61a6ccaade787cf93c75f8b57cd270","387","empathy","true","false","2.180","c92d84df6f768c0ca4244c959bcd8d902a76b4ef04863eba4d950012b6561e8a"
"4db0f6979b61a6ccaade787cf93c75f8b57cd270","392","detachment","true","false","2.670","f68ef66a10b9f265dd91083f09c85473900666fe40a66732ad6279b2489f8086"
"4db0f6979b61a6ccaade787cf93c75f8b57cd270","396","detachment","true","false","2.890","10e3149d3b7cdde68e84d9056f5884c8e48aa0db13935ff4d54ab2c7e84ce629"
"4db0f6979b61a6ccaade787cf93c75f8b57cd270","397","empathy","true","false","2.945","2be8d6a53f0ffe917e4de5cd2f61ca71e3ae8a5e7b35a0db3adda41352cdcd6e"
"4db0f6979b61a6ccaade787cf93c75f8b57cd270","400","detachment","true","false","2.945","6c8fb5ffbae9fcebf3ba527ada2193873a2649ace2e9c6ad69d001d440d97c73"
"4db0f6979b61a6ccaade787cf93c75f8b57cd270","403","empathy","true","false","2.345","68b0634decb0904b8509eb5bbae9d8dadb904553553d66f5605d48364b57a516"
"4db0f6979b61a6ccaade787cf93c75f8b57cd270","409","empathy","true","false","2.400","97a03f79b2905e4ecfe14ffb706487efe1e88be54f2bac128d4d40f071c78777"
"4db0f6979b61a6ccaade787cf93c75f8b57cd270","410","detachment","true","true","2.700","e266b7d056739c98009578d28de3fa5c8afbc726a7beb9d7727f3d35f9174789"
"4db0f6979b61a6ccaade787cf93c75f8b57cd270","411","empathy","false","true","1.500","e7af06d9b504d0528ba8b87b6bbacbe734a28a60ed1588f002c6fd3e5f34d5d8"
"4db0f6979b61a6ccaade787cf93c75f8b57cd270","412","detachment","true","false","2.835","01e018b018ded01f9dd634b8616a4403f518c1dd68fab3d04d3b930bf97ed4c1"
"4db0f6979b61a6ccaade787cf93c75f8b57cd270","415","empathy","true","true","2.290","49faabc2442e6c0f4b4f6cca53d96c06d043988ce7dd5c979cb505a2192a7de8"
"4db0f6979b61a6ccaade787cf93c75f8b57cd270","418","detachment","true","true","2.890","876ab71c44b0594a7e0bae17b7d2b205010addcf255cd1f2399b1156e78c0721"
"4db0f6979b61a6ccaade787cf93c75f8b57cd270","421","empathy","true","false","2.180","28fc6b4543397a5e43a34c61450f880b97eb8c7b84f6f82c834775d662141236"
"4db0f6979b61a6ccaade787cf93c75f8b57cd270","424","detachment","true","false","3.490","db8451429474e9cfad20014f6a800ac2eb09354a8eee7401747dbb21a1e70b34"
"4db0f6979b61a6ccaade787cf93c75f8b57cd270","427","empathy","true","false","2.835","1725fb107687974c80e8d72b764c2e29748ff14be478f586699c95b54ef560ca"
"4db0f6979b61a6ccaade787cf93c75f8b57cd270","430","detachment","true","false","2.890","8e2d5540e2d759c1b0fbbe2c2ea61d23561dd431b43ba9ad5180f2452dba90a7"
"4db0f6979b61a6ccaade787cf93c75f8b57cd270","436","detachment","true","false","3.000","431345fcae44342f1cdcfe1bb34a74176f62e2ca8653e5843a03bd4c5fd85df9"
"4db0f6979b61a6ccaade787cf93c75f8b57cd270","439","empathy","true","false","2.400","9f3a94318493cc572651b3be0060d9cb0e20474d27f2dc6b5c9c2e7877cb5c73"
"4db0f6979b61a6ccaade787cf93c75f8b57cd270","442","detachment","true","true","3.000","c5a5715a792346553d148dca3ec7c4c0caf1b30782911f9586a781092eff11dc"
"4db0f6979b61a6ccaade787cf93c75f8b57cd270","447","empathy","false","true","1.990","aee57b724caf24a3132fa5a23a329734eb0400c3a04dd97ccdf3dd456f945ef3"
"4db0f6979b61a6ccaade787cf93c75f8b57cd270","448","detachment","true","false","2.835","b1af8e84fa17a34ea388f2a314335c5209cdb9df11ef720a13eba9b61cd2b97b"
"4db0f6979b61a6ccaade787cf93c75f8b57cd270","449","empathy","true","true","1.080","ed56886e74f36890767931a6b36faffe89bd7229e4eedef104ae26108b5141a1"
"4db0f6979b61a6ccaade787cf93c75f8b57cd270","451","empathy","false","true","1.445","1901d22eaa2d52ec9bb2aebca5048ef819a09e46aa3b2d5d4aa6c4b277ba9685"
"4db0f6979b61a6ccaade787cf93c75f8b57cd270","452","detachment","true","true","2.780","64115b2c411f55dc572edcdf0ad22755f4936d9cbb470b19f258b7eb090c26a7"
"4db0f6979b61a6ccaade787cf93c75f8b57cd270","457","empathy","true","false","2.290","347ea5a4b03c79f6d82dcde41eda0ae4f33b0689059794aa810df4fd7119a43a"
"4db0f6979b61a6ccaade787cf93c75f8b57cd270","458","detachment","true","false","2.835","d71f3bd0f19ab347d499b538b5156ce6ac52de6e3abca4d23d48141d179ee365"
"4db0f6979b61a6ccaade787cf93c75f8b57cd270","462","detachment","true","false","2.045","7d11a05c9aba3cc20d45aaee2ee53d2e54b009fae86dab0fe15cda67d4a2b823"
"4db0f6979b61a6ccaade787cf93c75f8b57cd270","464","detachment","true","false","3.000","396f090de67382e48d922d7a7a040e46c2afdc49f0aa0daf3930d48f27255133"
"4db0f6979b61a6ccaade787cf93c75f8b57cd270","467","empathy","true","false","2.125","97b9b4275c1fa7398a02fc96cff046145c2b1395f566a9d811dee23170cfd9c4"
"4db0f6979b61a6ccaade787cf93c75f8b57cd270","470","detachment","true","true","2.945","b7e233c8f3002f3c4938c9866ee041ae82120361acaf4348047b15f214395995"
"4db0f6979b61a6ccaade787cf93c75f8b57cd270","471","empathy","true","false","2.345","cb1dd333765f6b5c8ca490e611a7efa80d20f0e56b1784da824b381c8fb70137"
"4db0f6979b61a6ccaade787cf93c75f8b57cd270","475","empathy","true","true","1.445","5627062b459a9e1237959b047609a62be4aa3553e05afc4e3ec2bfe34b9ce733"
"4db0f6979b61a6ccaade787cf93c75f8b57cd270","476","detachment","false","true","2.725","70ae2be8039fdcbee967de245a5527fa99441fb3205568f22fd7038feed6420d"
"4db0f6979b61a6ccaade787cf93c75f8b57cd270","478","detachment","true","true","2.590","5fead63d6d5bc9e0fbd6e163703f18df983a3849080ab633b6e33bd264cd8ef6"
"4db0f6979b61a6ccaade787cf93c75f8b57cd270","482","detachment","true","false","3.000","fdbc8cd9204878e68cf10b31453afac930409d597a6fead19c55538ef49cd56b"
"4db0f6979b61a6ccaade787cf93c75f8b57cd270","483","empathy","true","false","3.000","0a7fe15356452d0c81f06dd10586f9f968f4bd605741f7278d69a4a817e6e41b"
"4db0f6979b61a6ccaade787cf93c75f8b57cd270","486","detachment","true","false","2.780","0dcbaff13747f8cf806b38f95153f74fbe1e3f6e606ccc0c39bf8426076024d4"
"4db0f6979b61a6ccaade787cf93c75f8b57cd270","487","empathy","true","false","2.370","4a59c96a5126539f4f24ad590914e6019f05480a88842b9fee863211f07df1db"
"4db0f6979b61a6ccaade787cf93c75f8b57cd270","490","detachment","true","false","2.945","d6dce5b6087f05f45e607f125f63e58cb43c584fb571fc5db55a1668441c4b2f"
"4db0f6979b61a6ccaade787cf93c75f8b57cd270","493","empathy","true","false","2.235","6445880a322b4a095c9eb29b22c3cd88c9ebb85a9c4d96bcd344fb6f1a12afbc"
"4db0f6979b61a6ccaade787cf93c75f8b57cd270","495","empathy","false","true","1.525","51a07849948cce0aeb1b35d7809ef906398aade4daf6dfb4dd2785389d83d559"
"4db0f6979b61a6ccaade787cf93c75f8b57cd270","499","empathy","true","true","2.235","c06177c9e777baa53543ca9d2a7d57c0882c5b4df10a426d91ea50c99c390862"
"4db0f6979b61a6ccaade787cf93c75f8b57cd270","502","detachment","true","false","2.780","a8b26d8679c21d8dc134a61da13aa029eaea13746e97618607f46ce444b572cf"
"4db0f6979b61a6ccaade787cf93c75f8b57cd270","505","empathy","true","true","2.180","4354e0007c4e937d32b33ba6bba9a2db126dda7a4d2bf8da443dfba5ec2c46b0"
"4db0f6979b61a6ccaade787cf93c75f8b57cd270","508","detachment","true","true","2.780","a4f1959d93af1adb86ea5e7e409b0cf9484950decb000b123dce2f4aee60d094"
"4db0f6979b61a6ccaade787cf93c75f8b57cd270","514","detachment","true","true","2.890","975b083393a29d73beb27b0126fcd0f2e89e547c837fb116bae4c0beef2c0978"
"4db0f6979b61a6ccaade787cf93c75f8b57cd270","524","detachment","true","false","2.835","c079af3e314925af3f6409490cccf6b5e60fb61508a0d3913860758e79d3ea1f"
"4db0f6979b61a6ccaade787cf93c75f8b57cd270","530","detachment","true","false","3.325","a7dde7deb786fc76b8b91ef8dfd23336c593b61dba5982b4918c9a182cddb719"
"4db0f6979b61a6ccaade787cf93c75f8b57cd270","531","empathy","true","false","2.400","dc7f71050f1f0d2303ce849c99644ef61a5116be48294fc9a4685ac0365d4946"
"4db0f6979b61a6ccaade787cf93c75f8b57cd270","536","detachment","true","true","2.835","bd8f914668836eb18b83a607e94f436a79b08e3056b8bda68b88e66332597874"
"4db0f6979b61a6ccaade787cf93c75f8b57cd270","537","empathy","true","false","2.125","d4f1c6e11a38c66e1d4f18614c67e5a834c96a4d28165fa34d86a0ed4dff7536"
"4db0f6979b61a6ccaade787cf93c75f8b57cd270","541","empathy","true","false","2.045","0bb34d5565e3d91c8d1b8fd4f2866e058996221172300d6c0cc7186399f6fd0e"
"4db0f6979b61a6ccaade787cf93c75f8b57cd270","542","detachment","true","true","2.890","b87149945bbc090a9e0a332c5d0151516e49c662cdaf113604568008a7a996c2"
"4db0f6979b61a6ccaade787cf93c75f8b57cd270","543","empathy","true","false","2.180","18b7c9904765f50a1de339ada6a501b740a1d7a6c901bf19d256e09d773b3e15"
"4db0f6979b61a6ccaade787cf93c75f8b57cd270","547","empathy","false","true","2.045","4a7d37c7153ba3fad4a416c11cdfb52eb0bc3239668e35116341ded49dc641ee"
"4db0f6979b61a6ccaade787cf93c75f8b57cd270","548","detachment","false","true","2.535","718607cce79ce37d745fa9a44f8f4b3cd5ba7f008574c0b91db15bdb598cf786"
"4db0f6979b61a6ccaade787cf93c75f8b57cd270","554","detachment","true","true","2.945","373af42e3c5cf2989356755aa1082183bb53a36d6db0dfe268ae674baaac1d7c"
"4db0f6979b61a6ccaade787cf93c75f8b57cd270","555","empathy","true","false","2.290","9f06b6ae905e0ca8aff4d5a6d4bf257c2b08ec39ee80802ac16f10d1371b4924"
"4db0f6979b61a6ccaade787cf93c75f8b57cd270","558","detachment","true","true","2.835","b81a6a6244ab02548f3a806f58f490fd9b60edb9badefc654f60009b5dcb8a8a"
"4db0f6979b61a6ccaade787cf93c75f8b57cd270","560","detachment","true","false","2.835","863158ea36b00ab9935c14d6e29864c2f5935cae2c66554945ac17f05760488d"
"4db0f6979b61a6ccaade787cf93c75f8b57cd270","561","empathy","true","true","1.600","bfe4c2a00f0af2b16d14b1b49260dd8f2cb19d136604229d8a1fb446717fddb9"
"4db0f6979b61a6ccaade787cf93c75f8b57cd270","566","detachment","false","true","2.780","0090819c99b2b7ac8250300796deb5945f77df5ed0b4591c782e5f4136e6ce39"
"4db0f6979b61a6ccaade787cf93c75f8b57cd270","569","empathy","false","true","1.335","e4653066fe3648634ca9813df8c1fea0d9c8dfcbc4b2009949d6126ab801d1a8"
"4db0f6979b61a6ccaade787cf93c75f8b57cd270","572","detachment","true","false","3.000","0973a4763a5162a0a64a1a2e0b73b97587997b7707d150bb4b7e7f622fa8ee16"
"4db0f6979b61a6ccaade787cf93c75f8b57cd270","573","empathy","true","true","2.180","f1a55a8a5b2856e1db8a0ba269601e9659a1667396ccc1d2fcfc64142212e4ca"
"4db0f6979b61a6ccaade787cf93c75f8b57cd270","576","detachment","true","false","2.890","18a00f20ca591e89ed3fe6496318be7acac55634500ba089282b958ffcff1151"
"4db0f6979b61a6ccaade787cf93c75f8b57cd270","577","empathy","true","false","2.345","aa036f643b13f16f8a6bca452177c16ca4b890cc6abb51be80ce44ac63f99c23"
"4db0f6979b61a6ccaade787cf93c75f8b57cd270","580","detachment","true","true","2.890","64f540f7113ac9c1145d734b7bc24e4b658ce2d2e2f39b8f74c4a44d511dcb22"
"4db0f6979b61a6ccaade787cf93c75f8b57cd270","583","empathy","true","false","2.235","28a6cf52642158533f7fa9143002b4a70a8bc585bfe46a5d81e3ce3318f94b29"
"4db0f6979b61a6ccaade787cf93c75f8b57cd270","586","detachment","true","true","2.945","d2a7b97716ae7b15eede81c098e39a155d05f785761fb50b7aa6bab6fc4ee9aa"
"4db0f6979b61a6ccaade787cf93c75f8b57cd270","589","empathy","true","true","2.070","04f34ee750e785b951086953e544b070a5fadb1f88323ee2a61558ae406e402b"
"4db0f6979b61a6ccaade787cf93c75f8b57cd270","596","detachment","true","false","2.835","34017a7d58ec67b5d761548633cf8374d889f1e85a8b4b485d702f9700d775aa"
"4db0f6979b61a6ccaade787cf93c75f8b57cd270","602","detachment","true","false","2.835","5a1ab97bfec0f4022fc8141dde7cf1489d333c153605e152c281dcbb6077f956"
"4db0f6979b61a6ccaade787cf93c75f8b57cd270","609","empathy","true","false","2.070","8c462e18ee084d5f2fba9ce2664688f6c192699d28cbcb95fb639960bb5a5e4b"
"4db0f6979b61a6ccaade787cf93c75f8b57cd270","614","detachment","true","true","2.725","153607c77886aaddc2ee95e2290fff6672a7b084348084d687f140f6def6af7b"
"4db0f6979b61a6ccaade787cf93c75f8b57cd270","615","empathy","true","true","2.345","24e348f6b5750b312906c782db35a8bc151f794b36d92880ef001940d533654d"
"4db0f6979b61a6ccaade787cf93c75f8b57cd270","619","empathy","false","true","1.415","bf0bcbdd053ee730f0fc3562f7f1f57e5d06821e33954b6e340182774d378bd8"
"4db0f6979b61a6ccaade787cf93c75f8b57cd270","620","detachment","true","false","2.890","37aed0fc440bb185de8e03d29bab47bf2037354a88791e4d31db2be4595dc427"
"4db0f6979b61a6ccaade787cf93c75f8b57cd270","626","detachment","true","true","2.945","eeade4659f3f4ec45106fcd949bb75919fc1fe9c2c5b6a22dc4266526ef04dbf"
"4db0f6979b61a6ccaade787cf93c75f8b57cd270","627","empathy","true","false","2.290","e98499a6c1e2a66a262a7c4fda8347b7c1797b466a68822255bca3a65b937f00"
"4db0f6979b61a6ccaade787cf93c75f8b57cd270","633","empathy","true","false","2.345","12dd0d7e976782fd9ad16fac1cb50049834ad7e306153b2e30aaac3d03523708"
"4db0f6979b61a6ccaade787cf93c75f8b57cd270","638","detachment","true","true","2.945","55766fc25a53143d83ac0e9a598e7ed6efc37242a115e93bb1acdad12f9dfed1"
"4db0f6979b61a6ccaade787cf93c75f8b57cd270","642","detachment","false","true","3.000","b0eeb7d42591a9e2403189b310c835c2a740d797f475ff4fb84474f08419a713"
"4db0f6979b61a6ccaade787cf93c75f8b57cd270","643","empathy","false","true","1.170","14c03fa5e8d78b9148ae423cee81d78b39723c45aea453e54d200967fe6b008d"
"4db0f6979b61a6ccaade787cf93c75f8b57cd270","645","empathy","true","true","2.125","384d8a680c34e24715cea6add23c7d76dad014407e730083631bed6ea635a6be"
"4db0f6979b61a6ccaade787cf93c75f8b57cd270","648","detachment","true","true","2.725","dee19df4eda01d5753c4ed02ef6f02c508135311de984413e9ac9dc935acf294"
"4db0f6979b61a6ccaade787cf93c75f8b57cd270","650","detachment","true","true","2.890","f5c244c75ab7df81aa2aeb4ef2a08cd3694c9b46c0ae5e994500d0b8a53baedf"
"4db0f6979b61a6ccaade787cf93c75f8b57cd270","656","detachment","true","false","2.835","bb55dd1e5cfee00d50b4cc93701bcda83d04e0e66ad6c3c02867d76fe16816d9"
"4db0f6979b61a6ccaade787cf93c75f8b57cd270","657","empathy","true","false","2.235","ae26247df8f42c88eee255472f3cc1bab14a4330f33fe648a7291a63db411acb"
"4db0f6979b61a6ccaade787cf93c75f8b57cd270","661","empathy","false","true","1.390","e0daafed9df22cbe4693b7172f61ba2c1c7ae63bcdbe32db4b80a92eafdc830d"
"4db0f6979b61a6ccaade787cf93c75f8b57cd270","662","detachment","false","true","2.890","6a3b5992b74f4961e34d6fc470b20daa46e4ffa5675caa0c22e90a6894fd9616"
"4db0f6979b61a6ccaade787cf93c75f8b57cd270","663","empathy","true","false","2.290","783c234d3d4a2f179f34a6756dfb6548646feb5f331c5e32fe3bcd853968a802"
"4db0f6979b61a6ccaade787cf93c75f8b57cd270","666","detachment","true","false","3.000","e06d9df229829ac4f7a9470a37bd33d81984cfe7398574461730e0462e9fe1a6"
"4db0f6979b61a6ccaade787cf93c75f8b57cd270","668","detachment","true","true","2.835","57c72214f6ad25561e8ef0133ca1496a871bb3fa0662616f2966beea4ee74dd7"
"4db0f6979b61a6ccaade787cf93c75f8b57cd270","669","empathy","true","true","2.345","d7fd934f0685e748c6d784e07665f9bd875a38a3f409d82b8b838fe16dc788a7"
"4db0f6979b61a6ccaade787cf93c75f8b57cd270","675","empathy","true","false","2.290","d1aaa9c5431dc4004f4eefc93ac402d8a74c73fd1d20edd20449831592433abf"
"4db0f6979b61a6ccaade787cf93c75f8b57cd270","680","detachment","true","true","2.835","a390b12d31cbc989186c2c2eff47bb3d3db81167de7dedb0820547f841f817f6"
"4db0f6979b61a6ccaade787cf93c75f8b57cd270","681","empathy","true","false","3.490","c0bccd07e6ffccfc7f5c5877a6b55d1d580bfec681e1ba1d98d121df0dac5c50"
"4db0f6979b61a6ccaade787cf93c75f8b57cd270","684","detachment","true","false","2.945","b91fe589fca0f88b14f8afa4b3c6cf425f374f74dbb775df02b9ac1278e0a353"
"4db0f6979b61a6ccaade787cf93c75f8b57cd270","686","detachment","true","false","2.835","b86da6af2754ac6ac8ab895064aa6919a77a8389e5312a11fa60d3a13e0bd3da"
"4db0f6979b61a6ccaade787cf93c75f8b57cd270","687","empathy","true","false","2.180","b474fab8a82f968cfc697927ae81aab1ce6fd5a69a4dbf05e56a1b9830b56230"
"4db0f6979b61a6ccaade787cf93c75f8b57cd270","689","empathy","true","true","1.990","790e8733caef585539f9f8bd51bfeb6168aba4dc1a785d02a0d30d5122d90164"
"4db0f6979b61a6ccaade787cf93c75f8b57cd270","692","detachment","true","false","2.945","e5ef53c36e65c80d38d7ef23136b4b4bcec124b1727948989d25645e2aa22f02"
"4db0f6979b61a6ccaade787cf93c75f8b57cd270","702","detachment","true","false","2.945","feacb46ea61821d49abc8254ce757050de17b9000f352b76fdbe302840b89662"
"4db0f6979b61a6ccaade787cf93c75f8b57cd270","704","detachment","true","true","2.945","d9060f7037e068353dc9f49af58035f5f2bf8b788c2d4261349699f3a83374fd"
"4db0f6979b61a6ccaade787cf93c75f8b57cd270","705","empathy","true","true","2.125","81043b3228ef349f476f5a909feb6b32ea1d20a9ecf9aac3f0d39d2de5357469"
"4db0f6979b61a6ccaade787cf93c75f8b57cd270","710","detachment","true","false","2.890","4324050741c99324f599d0cdec961b38b472ec10732917395de79416b66d173d"
"4db0f6979b61a6ccaade787cf93c75f8b57cd270","716","detachment","true","true","2.725","3dc00324cb5263aa9dbf0242c9e1e681441200eece3a406c7d52c945d11dea7b"
"4db0f6979b61a6ccaade787cf93c75f8b57cd270","717","empathy","true","false","2.780","9f4f01b2efb2edfdf55b64e396be3401e1a5739dba652597808dbf44c509b480"
"4db0f6979b61a6ccaade787cf93c75f8b57cd270","720","detachment","true","false","2.835","86917d5dcb70325e3f134b291050971ebbfe5a32d4f49b74854239aff77a3b2a"
"4db0f6979b61a6ccaade787cf93c75f8b57cd270","722","detachment","true","true","2.835","8ebbefa81f92a27f63dcb5766b01e7cdfd3fddc9e1bd1c109e675913dae2a983"
"4db0f6979b61a6ccaade787cf93c75f8b57cd270","724","detachment","true","true","2.645","ddf4ba8fb625181e54167b098adb5a47e438172696e2efe7fe52bac85b32d85e"
"4db0f6979b61a6ccaade787cf93c75f8b57cd270","728","detachment","false","true","3.000","f6fbc94365f1b91e14ab7acb7601e5624bd8250b9974fc61bd596a8de2c47658"
"4db0f6979b61a6ccaade787cf93c75f8b57cd270","729","empathy","true","false","2.290","11badcc45d9ad76a58efbbf3f4f7ede6018bd05373758a751d9568c3acc28f1b"
"4db0f6979b61a6ccaade787cf93c75f8b57cd270","734","detachment","true","false","2.890","ce2552042a86ac6f069823d390279d8d79ed31688db0262fb52f120cff124819"
"4db0f6979b61a6ccaade787cf93c75f8b57cd270","735","empathy","true","false","2.345","5aa91af5303a10c705966a73745db4b16fe83fb95d587510144e8c3c4edcd42a"
"4db0f6979b61a6ccaade787cf93c75f8b57cd270","738","detachment","true","true","2.890","10ebe4c6a41455909deb014545c51002f2908c3fba61d9b37acb8ce60335fba5"
"4db0f6979b61a6ccaade787cf93c75f8b57cd270","740","detachment","true","false","2.890","c8573181fbdb3853e04128a5f92462f46a63d04f3c1c18502f2658483f90bf62"
"4db0f6979b61a6ccaade787cf93c75f8b57cd270","741","empathy","true","true","2.235","2f49c411330e7c30e0965cc278ad9db432ac7cdc82291d2ae917b115afd28044"
"4db0f6979b61a6ccaade787cf93c75f8b57cd270","746","detachment","true","true","2.945","9c27e835d204e83b30e31a3ef94b7bcf45d6f596f65ca255bc68c1fcb63cea36"
"4db0f6979b61a6ccaade787cf93c75f8b57cd270","752","detachment","true","true","2.670","bb2c50769f001e9e1d56328666d914ca5dd5ae20260c0acdd84c37edc4b5a79e"
"4db0f6979b61a6ccaade787cf93c75f8b57cd270","753","empathy","true","true","2.290","cebb0880d28b869d2116476fee9426596f642333557d9950de4da4e8f12b6833"
"4db0f6979b61a6ccaade787cf93c75f8b57cd270","755","empathy","false","true","1.390","35e474e82e976ea9865a478f69788971afef7c0aa33385cb118a6fd9418203b2"
"4db0f6979b61a6ccaade787cf93c75f8b57cd270","756","detachment","true","false","3.000","ed97f452e11b0902ff1eb1072b7dfbb4bbe0126c218c1bfc95dd1be9bb4bc5d3"
"4db0f6979b61a6ccaade787cf93c75f8b57cd270","758","detachment","true","true","2.945","9875b9ace58f92e26ca9d873df80437b0034bfc5754cb4a02d54198bbfd3d562"
"4db0f6979b61a6ccaade787cf93c75f8b57cd270","764","detachment","true","true","2.945","9e027355d3ff4c8e92bdc2e87d0c87a1294e45dce5f14fbcefd021919135b866"
"4db0f6979b61a6ccaade787cf93c75f8b57cd270","765","empathy","true","false","2.590","fc93d98bd4f00b47d5a414dabe322e87442f34a53ae3618c7365b9b62281c11f"
"4db0f6979b61a6ccaade787cf93c75f8b57cd270","767","empathy","false","true","2.590","28023a19bc2bd78087c12ceab28e1f3ea7e92187090b5b8494a572872138112f"
"4db0f6979b61a6ccaade787cf93c75f8b57cd270","774","detachment","true","true","3.000","cdb1f840c0286d9e026637aed0855a5e88c1f35de7b4bc7c008613f451c112a0"
"4db0f6979b61a6ccaade787cf93c75f8b57cd270","776","detachment","true","false","2.890","1dcc7e67bc39cfe8227bd515ef7166e64093bb16aa2aee08418ffc810c7dcb34"
"4db0f6979b61a6ccaade787cf93c75f8b57cd270","777","empathy","true","false","2.290","dd9e328f213a056b59df4a9f7d4860dfc99aca8db7e045ef5df549debe7de7dd"
"4db0f6979b61a6ccaade787cf93c75f8b57cd270","782","detachment","true","false","3.000","d43c3c1c8cd6a2e9d7d363db8c7aa000e2431762c207737bbe065c2c9beb4515"
"4db0f6979b61a6ccaade787cf93c75f8b57cd270","783","empathy","true","false","2.290","640f3a570dc4a3b6e2e8054283c03d8e9cbc489cef8d9e5270fa0d7d9653c197"
"4db0f6979b61a6ccaade787cf93c75f8b57cd270","788","detachment","true","true","2.945","1f6639d08e511f77a495dffe470eb77c5efa5db6a580a38bcbe2c77b8881959e"
"4db0f6979b61a6ccaade787cf93c75f8b57cd270","793","empathy","true","true","1.445","03f958b1954b24c08d8fe674e173cc25bb260dcc9cfaa36a724ed912dd0a87f4"
"4db0f6979b61a6ccaade787cf93c75f8b57cd270","794","detachment","true","true","3.000","d1d87c28836b05e280b26d05283969ef294176e5001cc35bc946f9ef4e795efd"
"4db0f6979b61a6ccaade787cf93c75f8b57cd270","795","empathy","true","false","2.290","fd0182b77b1166f0842958d54cc29525ffd3870f79a67d5f59bac5d3b15b44a7"
"4db0f6979b61a6ccaade787cf93c75f8b57cd270","800","detachment","false","true","2.945","fe25020694a1c08fa3d59b5eac5c8eac0f02a65a36ea0583105104e2d439ff34"
"4db0f6979b61a6ccaade787cf93c75f8b57cd270","801","empathy","true","true","2.345","694ca6d82b1356bc46b7b5c4122862192ace49ba98288408e6cb8d7cdf4386c2"
"4db0f6979b61a6ccaade787cf93c75f8b57cd270","806","detachment","true","false","2.945","5d45b735b59744bdfd601e1b3776376fd096ca6cf547831c801b001252a07b49"
"4db0f6979b61a6ccaade787cf93c75f8b57cd270","807","empathy","true","false","2.290","0763f92def7ad7cd5eac7e302b86fc223db10b8a46e0d5f84f9f6d271aeb42e4"
"4db0f6979b61a6ccaade787cf93c75f8b57cd270","810","detachment","true","false","2.835","8f075b779a4426fb2717ed3d5c201b6f82e735205f4d128c437af7bbeae4d1ae"
"4db0f6979b61a6ccaade787cf93c75f8b57cd270","812","detachment","true","true","2.835","0a481661f45af43a0b371569f00b988c55e6b95c77fc209803ebbd784c07ce57"
"4db0f6979b61a6ccaade787cf93c75f8b57cd270","813","empathy","true","false","2.180","5db5bffcf7a71379985984ebd791cadb277857cb61788c5e2fade62c1a6f20a7"
"4db0f6979b61a6ccaade787cf93c75f8b57cd270","818","detachment","true","false","2.945","51852af296d5f905a41c1dcd1390b742aa33301c6dbe9fc1e14f1352828a54d8"
"4db0f6979b61a6ccaade787cf93c75f8b57cd270","824","detachment","true","true","2.835","7bb142bb97a941453cb6f769642e373f1f6f37915ad14d5c8883b62c529dd587"
"4db0f6979b61a6ccaade787cf93c75f8b57cd270","828","detachment","true","false","2.725","06c1dcdaa7a14f7be46ee252bd189ea3a537ca77a07a6367f3ab00223df04a2d"
"4db0f6979b61a6ccaade787cf93c75f8b57cd270","830","detachment","false","true","2.890","64461a0d940ebb0d7257df318f87d62a48bb70f4dbb4d3fc18e7cd4c679fef88"
"4db0f6979b61a6ccaade787cf93c75f8b57cd270","831","empathy","true","true","1.935","1fcf38280153dd64560f2c4916deb716d2fd770ed82eebfbf56d5cc48f6b2a5d"
"4db0f6979b61a6ccaade787cf93c75f8b57cd270","836","detachment","true","true","3.545","0131439f6031850cd56bb5a972f8f7faa7c4dbc92b8d9114771ceae72b768c81"
"4db0f6979b61a6ccaade787cf93c75f8b57cd270","843","empathy","true","false","2.235","13f07193045f18f44c3a60c84d2ddb50b57a60d6fbeea42e5b3076ba865b8a7f"
"4db0f6979b61a6ccaade787cf93c75f8b57cd270","845","empathy","false","true","1.825","4af56708a21acf8fcc6a8585db4f1fb9d12ed417cce58d71a0830c54578be8d0"
"4db0f6979b61a6ccaade787cf93c75f8b57cd270","846","detachment","true","false","2.890","0948983e89f03b47aa2ff797aa2f8b3cbabc85f770a3f29be147ed6faf2bde0a"
"4db0f6979b61a6ccaade787cf93c75f8b57cd270","848","detachment","true","true","2.670","e47aeecd96a058d7312f687a60f48e92fe58f5d1f1be167640f6047bb27daa58"
"4db0f6979b61a6ccaade787cf93c75f8b57cd270","854","detachment","true","false","2.835","5b25b26d35bc2c67b5c6331f12eb2a04751141d91cd1688876f636df855b9eba"
"4db0f6979b61a6ccaade787cf93c75f8b57cd270","860","detachment","true","false","3.000","8fe0d637a8ff397af2b06c3d9239d28f4ed2e100a17b94d325ab94b0b9dc2813"
"4db0f6979b61a6ccaade787cf93c75f8b57cd270","861","empathy","true","false","2.835","dd8f6d3da0a7007ebcc059f71faed1c175f2a63bf2a913b305311f1e5dfb59d8"
"4db0f6979b61a6ccaade787cf93c75f8b57cd270","864","detachment","true","false","3.000","361f1b8f5c0024b5c97759b02f1ee39ee1904b4f0116b475858b387b74b28d92"
"4db0f6979b61a6ccaade787cf93c75f8b57cd270","866","detachment","true","true","2.945","c386f548c3dec9c7bb992b719d58f7b640ffa02aac854ba7afe043a1d9da7db5"
"4db0f6979b61a6ccaade787cf93c75f8b57cd270","872","detachment","true","true","3.000","4ae878ba836145c59cba3bfa8c55398941aaeb46f0d592129aa92032acca6943"
"4db0f6979b61a6ccaade787cf93c75f8b57cd270","873","empathy","true","false","2.090","9e691a6f9250e1bc3983ff40d7f967f2edcfa21b9722bbbdf42bf8159fb1fb99"
"4db0f6979b61a6ccaade787cf93c75f8b57cd270","878","detachment","true","false","2.945","64df52a3befc3d63fc78181681cd6898617bbf74a80deb707aad26f525970469"
"4db0f6979b61a6ccaade787cf93c75f8b57cd270","884","detachment","true","true","2.835","ea098d49d735e117f427102b419be8ef432b44ad558b11a61e662947f620404e"
"4db0f6979b61a6ccaade787cf93c75f8b57cd270","886","detachment","false","true","1.990","128ca185a61ea901989d8111dc747c67fc83a756479981edfe9d82578a5b4b6e"
"4db0f6979b61a6ccaade787cf93c75f8b57cd270","890","detachment","true","false","2.725","6dc610e0b34f2143c7ea6923414d94cb5eaf54cbbb1968728d5372e981f9a252"
"4db0f6979b61a6ccaade787cf93c75f8b57cd270","891","empathy","true","false","2.345","efeb45234fd699327c8244b587144c2c5aff703075f2de1a2102294c4a478670"
"4db0f6979b61a6ccaade787cf93c75f8b57cd270","896","detachment","false","true","2.780","e03c3c3ce42910894e125ac072eede707154c0b183d9ea58c960c3a68b0ee0c8"
"4db0f6979b61a6ccaade787cf93c75f8b57cd270","897","empathy","true","false","2.235","2b66a96aebbbe99d4918ca8555b89f4973ba198a2d6e19a2ab711fc5a6184922"
"4db0f6979b61a6ccaade787cf93c75f8b57cd270","900","detachment","true","false","3.215","fe09dbb6c6ef27eb633982da9cb88ee3c6a6077fd1594f356b2d41ee43969ed0"
"4db0f6979b61a6ccaade787cf93c75f8b57cd270","902","detachment","true","false","2.890","dca4b4e0634b065a155bfcc04855e0c308503d71b676edd87c54355538c277e0"
"4db0f6979b61a6ccaade787cf93c75f8b57cd270","903","empathy","true","false","2.235","1098ceecb1b4c8e64f341086c5527bf06f33e5921f156a79f86f73dfbf895067"
"4db0f6979b61a6ccaade787cf93c75f8b57cd270","908","detachment","false","true","2.670","18e9a483bca1dd73d67ffe0b8cf9a0c561a7e92f8e1b933fc72042120d0afc6d"
"4db0f6979b61a6ccaade787cf93c75f8b57cd270","914","detachment","true","true","2.945","3deb6dd55c639391c20b84cda4adf1f5f306b4c6e936fadb4cc2f34ec3000fd5"
"4db0f6979b61a6ccaade787cf93c75f8b57cd270","918","detachment","true","false","2.780","1b313120f2e29aecb289b296797c3e33df1ecd4359d2585a874f81262440c9e0"
"4db0f6979b61a6ccaade787cf93c75f8b57cd270","920","detachment","false","true","2.890","0c6086f89fe385d953f2d9edd77b1a0dba908c8dc66c01729dc7acd931f36d7d"
"4db0f6979b61a6ccaade787cf93c75f8b57cd270","921","empathy","true","false","2.345","bcdd7712a9b59486a8dfa2347674166bec3772e7f567a3bad16c4ceb37e7a277"
"4db0f6979b61a6ccaade787cf93c75f8b57cd270","926","detachment","true","true","2.835","d02f4ca86d45e8c13731d60df70e751b8086221535fe5aa077803237e5a81692"
"4db0f6979b61a6ccaade787cf93c75f8b57cd270","927","empathy","true","true","2.290","eef9bfb82ad3f95b2cf455bcf25569cb3974b53e09c81412d6b12831a360032b"
"4db0f6979b61a6ccaade787cf93c75f8b57cd270","932","detachment","true","false","2.590","f6e1542ceccc55c241e2dac920de2e1de09d3a007bfcf4730f9a129335ffd8d5"
"4db0f6979b61a6ccaade787cf93c75f8b57cd270","933","empathy","true","true","2.345","c60ca165beda0a3beedaacfc15ea7186c7d7b07759a5a4c00a3f9a183a380213"
"4db0f6979b61a6ccaade787cf93c75f8b57cd270","936","detachment","true","true","2.835","7bd2096169ec6b16fb26cf88f968df4ee796005312fb92dff81f860406fcc380"
"4db0f6979b61a6ccaade787cf93c75f8b57cd270","938","detachment","true","true","3.000","89df564e556ea63d5d3a010f542c24fb1aa93309698eb6616cd3967315a9ee20"
"4db0f6979b61a6ccaade787cf93c75f8b57cd270","939","empathy","true","true","2.345","59d278315e6d3e165510a4b11340232272d2ec49f9d030a35cab949da4ae3d44"
"4db0f6979b61a6ccaade787cf93c75f8b57cd270","943","empathy","true","true","1.390","a9b0830eece396333f760f28027338219246c0a7697880fd3b25f9ffd0da9d3f"
"4db0f6979b61a6ccaade787cf93c75f8b57cd270","944","detachment","true","false","2.835","86e483982938f569d9803e1dee29b8c515bef6146369b75f6fedac00154b382f"
"4db0f6979b61a6ccaade787cf93c75f8b57cd270","950","detachment","true","false","2.670","ab0b6469114cde4b506c4f32f7ac49fab8bff006ced7dc3cbd646026253f2d2f"
"4db0f6979b61a6ccaade787cf93c75f8b57cd270","954","detachment","true","false","2.890","6ed169b40fa2b8ec3f27d588ec799efd34e81ae5c8676c30d317502f3fe57fca"
"4db0f6979b61a6ccaade787cf93c75f8b57cd270","962","detachment","true","true","2.945","e03458afc6aae78e7b654a33cb39de5057cd3e00e304188f313e812ebdf2b724"
"4db0f6979b61a6ccaade787cf93c75f8b57cd270","964","detachment","true","false","2.425","1f21f8609b33ce7c90a52b2ffb4dd400043473152c667201fc1ddd5cea5bf784"
"4db0f6979b61a6ccaade787cf93c75f8b57cd270","968","detachment","true","true","2.945","76e86543fbc63b5df5affc3545b91a52d95028b938542ac4961bb563913f1467"
"4db0f6979b61a6ccaade787cf93c75f8b57cd270","969","empathy","true","false","2.345","b25221e7f2a8c0bfcce2f702c5815abfe46bbf8e6416636d2c541e63d42e42b3"
"4db0f6979b61a6ccaade787cf93c75f8b57cd270","972","detachment","true","false","2.780","972482fa6c18ed2aaf92f6508f98d1d33e6808e8173d55ee4bb970208be02499"
"4db0f6979b61a6ccaade787cf93c75f8b57cd270","973","empathy","false","true","2.045","e957d5674850c32e1dbce5bd35726214ed15d6133a27f59ae6c2243942cfba60"
"4db0f6979b61a6ccaade787cf93c75f8b57cd270","974","detachment","true","true","2.890","e6f2f815c3db81ea2b5436a59f3b4efea2f2139216c7b619d0cd90f7fc78afc6"
"4db0f6979b61a6ccaade787cf93c75f8b57cd270","975","empathy","true","true","2.945","4aaefc95c15e7443dd04c43226a409080980b11fb671501aeed1b3a1cc9bc02a"
"4db0f6979b61a6ccaade787cf93c75f8b57cd270","979","empathy","false","true","1.335","dde6e0ceb0133be7d503813be1abc1bd85b313ed5f7a3092c75f82dae2a4a5d2"
"4db0f6979b61a6ccaade787cf93c75f8b57cd270","980","detachment","true","false","2.835","2325bf116214f270c938540e6f44cc51d7b936fb786af4434cde15341febc4b8"
"4db0f6979b61a6ccaade787cf93c75f8b57cd270","981","empathy","true","false","2.090","fa1d76a734c4d7b92a3c533b50b979f0cef8f572ffaf929095c3b6acb4d11050"
"4db0f6979b61a6ccaade787cf93c75f8b57cd270","986","detachment","true","false","2.890","39f79749ca7f78327098749865cddc51f87acee361a68e7f4de5811fc3467f13"
"4db0f6979b61a6ccaade787cf93c75f8b57cd270","992","detachment","false","true","2.945","3b14dcf177219c742d9f67ba9949b72aead87e4479802cdae23951dfb07f572e"
"4db0f6979b61a6ccaade787cf93c75f8b57cd270","996","detachment","true","true","2.890","0e105cf1d587897a4db86d822ed719b90e32955e0d4ee5cb3e2672d70f5cf17b"
"4db0f6979b61a6ccaade787cf93c75f8b57cd270","1002","detachment","true","true","2.890","7d118c1e11c442b19fe77e18a34b12b1afc6ca0775ae3549979b9c8aedbf9a1c"
"4db0f6979b61a6ccaade787cf93c75f8b57cd270","1003","empathy","true","false","2.400","91edea25ca61c4c750ee39527b9cfecfe0a0584eccdcf5bb898ae97c60985935"
"4db0f6979b61a6ccaade787cf93c75f8b57cd270","1007","empathy","false","true","2.290","daff3304e2a32f83a95e6fabc6407ec17a6aa89600c7e12272a8f69b3230c2b8"
"4db0f6979b61a6ccaade787cf93c75f8b57cd270","1009","empathy","true","true","2.290","3a511b5fb0516b214cc26f0f5b333b6fb112870460be6272114c8daf173fbfaa"
"4db0f6979b61a6ccaade787cf93c75f8b57cd270","1013","empathy","true","false","2.235","f82a4d31f0b48329d2d537f1c443521e6cd980460607899c09bf23dc4b094d6e"
"4db0f6979b61a6ccaade787cf93c75f8b57cd270","1014","detachment","true","false","2.670","47af7dfa8aad7315138f16ef1eeae7f357ce23a8954e7940ad3519fbdca75984"
"4db0f6979b61a6ccaade787cf93c75f8b57cd270","1022","detachment","true","false","2.890","2cd64e745c7d29e3e47fcadec0225f1a55fb07ed4a2e0fb8caa893c84c110e56"
"4db0f6979b61a6ccaade787cf93c75f8b57cd270","1025","empathy","true","false","2.945","e86b189886837dca8cbf76032b089d06f78d42dc61f2578334934da713cc7688"
"4db0f6979b61a6ccaade787cf93c75f8b57cd270","1026","detachment","true","true","2.780","9dd841576144795dbdfc74e5c8ec13cbab5a8673fae343ca0e09ee93302c3e9b"
"4db0f6979b61a6ccaade787cf93c75f8b57cd270","1028","detachment","false","true","2.890","eadb2bd64f85ac8c11c36c85f9e67b61310f1086e8c46e9d4fce847eba207eae"
"4db0f6979b61a6ccaade787cf93c75f8b57cd270","1029","empathy","true","false","2.180","ddf732a23e251f0c0f9e05ed29dd15d3ab914cc5f1379be751d0da1a8f5729a4"
"4db0f6979b61a6ccaade787cf93c75f8b57cd270","1037","empathy","true","false","2.235","5dedd13ee6ad20d123e4ecaf66e99f24ec441ce003d9f708377470fac34ce991"
"4db0f6979b61a6ccaade787cf93c75f8b57cd270","1043","empathy","true","true","2.670","8380994b4597b32325a1679f84bebcaf5e9f6031124c812839d349b7e0b16ef5"
"4db0f6979b61a6ccaade787cf93c75f8b57cd270","1046","detachment","true","false","2.835","639c00304880aa657d62bd47e236dd6e16da96977f856f6a4f42932b9fefec00"
"4db0f6979b61a6ccaade787cf93c75f8b57cd270","1047","empathy","true","false","2.400","eb25ca720f03ad5ffa622c15882c432ec1b7618657e120269653c16cb1243bed"
"4db0f6979b61a6ccaade787cf93c75f8b57cd270","1053","empathy","true","true","1.990","058c8669af79472e7f286e64296cf8ffbbb9562ae9ce3f87f766966bd5e43642"
"4db0f6979b61a6ccaade787cf93c75f8b57cd270","1054","detachment","false","true","2.945","4b8e5b3e28eda503951df11076645b0086ea3dce4d27ce497f45c62d1f0fba5b"
"4db0f6979b61a6ccaade787cf93c75f8b57cd270","1059","empathy","true","true","2.180","f63881d4e308e748b38d62a27513ce76a613f2eb88dd88a1956d282da898ce5c"
"4db0f6979b61a6ccaade787cf93c75f8b57cd270","1061","empathy","true","false","2.290","f9672b57a797abdea91c76e5bf66d986df28134387be0ed52e2c02d68029e679"
"4db0f6979b61a6ccaade787cf93c75f8b57cd270","1062","detachment","true","false","2.890","725c5c86e82e139fca38efa3f55b5bdebaf7e68dedd75d9c889bfe38b1562d7d"
"4db0f6979b61a6ccaade787cf93c75f8b57cd270","1065","empathy","true","true","2.345","29c71a586dcde0e4d2b5fcb398d24530a30ac4e9fa132d31e4a179371d800441"
"4db0f6979b61a6ccaade787cf93c75f8b57cd270","1067","empathy","true","true","1.500","1df1d775cdaa5a1d7e35f1493e405ec4f62a06073fd0a7a8a5d8dd87ff5ab6dd"
"4db0f6979b61a6ccaade787cf93c75f8b57cd270","1071","empathy","true","true","2.125","42acc8f47ad922e07bd13531ad67aeaf2a6ad073f818bdfe1478db5835fd6e85"
"4db0f6979b61a6ccaade787cf93c75f8b57cd270","1072","detachment","true","true","2.945","ab23ebcfcd59d652cd0260d37fc3eed8be4c9acfe262c0f1111f2034d9723c27"
"4db0f6979b61a6ccaade787cf93c75f8b57cd270","1073","empathy","true","false","3.000","c9f0c365fd1522130f1956d15a54384290a09829f434b45cd174da073e1bfae2"
"4db0f6979b61a6ccaade787cf93c75f8b57cd270","1075","empathy","false","true","1.445","24ccf5f58f80209c8fcf9dd598ba49451e6b995b42dd2432a1eb8987685dab8d"
"4db0f6979b61a6ccaade787cf93c75f8b57cd270","1077","empathy","true","false","2.235","4b28cad43cd8a5aa69ead5eacafb090b3a0e1df40fd321e209768f81dd36c28d"
"4db0f6979b61a6ccaade787cf93c75f8b57cd270","1078","detachment","true","true","2.100","a0c663f66b4a5ee4b3ac8e07aae12cee4efeeb11be9e6363c69e8cca12427e74"
"4db0f6979b61a6ccaade787cf93c75f8b57cd270","1079","empathy","true","true","2.890","21b3429ac698682b1ce99dc9fd0ba0f7e27c14ad1e6d94704e4e5a3a7954bd3e"
"4db0f6979b61a6ccaade787cf93c75f8b57cd270","1080","detachment","true","true","2.890","6e0efb5bb32d7d18ea5b6e28f677850df9cb1226621e72be186db0c3cd9b33f5"
"4db0f6979b61a6ccaade787cf93c75f8b57cd270","1082","detachment","true","true","2.835","dd78807cad92bcb61590f7c4c46b9614aaa2c79912e1a9fb273d0e33d8506aa3"
"4db0f6979b61a6ccaade787cf93c75f8b57cd270","1087","empathy","true","true","2.290","71e4221f3f9ea0648d5730dacb03a8e9adaff35194338aeeac05b9aeea901834"
"4db0f6979b61a6ccaade787cf93c75f8b57cd270","1088","detachment","true","true","2.045","cc002b150a33732776231803ab8e6aadea29d05667eb0009b83fb6cc24cdc583"
"4db0f6979b61a6ccaade787cf93c75f8b57cd270","1090","detachment","true","true","2.945","022cbcd1a880feabc6f0d7411644c275989e3e6079b94d9bcc37cd70e4dc3b31"
"4db0f6979b61a6ccaade787cf93c75f8b57cd270","1091","empathy","true","true","1.545","3d0e597d0832f61395d2106d29acac13d0539b832f2c9970d85df2a3272d1b35"
"4db0f6979b61a6ccaade787cf93c75f8b57cd270","1092","detachment","true","true","2.700","d10209490161efa771a6e1d2d9d60456681a07e65b7fed71b59a73cc8ffe25f1"
"4db0f6979b61a6ccaade787cf93c75f8b57cd270","1095","empathy","true","true","2.235","4f2f2d5bccb54f0c7ae93efe058e81cd7020d506803946f2b1a1254a022a6a76"
"4db0f6979b61a6ccaade787cf93c75f8b57cd270","1098","detachment","true","true","2.780","135591a3690e27afc0ebeac970d2eedee544febcb6f76a0b359fc52c4680cb00"
"4db0f6979b61a6ccaade787cf93c75f8b57cd270","1099","empathy","true","true","1.300","c6b41e54075a6c08ed9d83fb69e5336f6b671e275f35786696bf0c9833b817dc"
"4db0f6979b61a6ccaade787cf93c75f8b57cd270","1100","detachment","false","true","2.945","f3121f9f67e162d7f63eb4a5fe7749077808255352c0b5a1b3d63ec0bc43c41a"
"4db0f6979b61a6ccaade787cf93c75f8b57cd270","1101","empathy","true","false","2.345","999e294b736f0f30172fcd89559170c3a55803a97c0f978bb5955207474a81ff"
"4db0f6979b61a6ccaade787cf93c75f8b57cd270","1108","detachment","true","true","2.890","bfa85bcb144987e2f785c780546a3aa76f417afae113e18c52c9cb3700571c11"
"4db0f6979b61a6ccaade787cf93c75f8b57cd270","1109","empathy","true","false","2.180","b50141ffb257a8d98084b63e6e1f22af0714fa4729de6358fa0a34b2a92514cc"
"4db0f6979b61a6ccaade787cf93c75f8b57cd270","1113","empathy","true","true","2.290","e7021dbccd6fc4d26eb2a1f3b0c73892de576fb568ef2e5fd35ec00f0aafd84b"
"4db0f6979b61a6ccaade787cf93c75f8b57cd270","1115","empathy","true","false","2.400","17bb8cdc8ff298a28959741ad64f7aedb2dbf075c991db58b6cbad2d7fa5ed59"
"4db0f6979b61a6ccaade787cf93c75f8b57cd270","1116","detachment","true","false","2.890","f7d16694877a715528662d77a4064c68354f785a26797922305850e6e5df6db4"
"4db0f6979b61a6ccaade787cf93c75f8b57cd270","1118","detachment","true","true","2.890","867da2a9df23ada5fcadb0f112e10cc640a0317b96dc6057dfee5abbba9d3f91"
"4db0f6979b61a6ccaade787cf93c75f8b57cd270","1121","empathy","true","true","1.335","43ac8581ef13bc40a781fe27734b51c2e9fc9b9843544a22a6b30257c6ddbc64"
"4db0f6979b61a6ccaade787cf93c75f8b57cd270","1126","detachment","false","true","3.000","d944de92aaa628b6b58f192acd0c4681f297a0072797db3f681c0774a59840a2"
"4db0f6979b61a6ccaade787cf93c75f8b57cd270","1127","empathy","true","false","2.400","437594cd33588e64a1a6d8461a60d857969a31830f480966b5f6054e1ba632df"
"4db0f6979b61a6ccaade787cf93c75f8b57cd270","1134","detachment","true","false","2.780","9491efe5dc2210f8be60577469624ab7f3489f0d433ceccd8b8ccc5dd585f775"
"4db0f6979b61a6ccaade787cf93c75f8b57cd270","1136","detachment","true","true","2.890","ae20de08605aa9c236558d55040c4c7658ea928573567a713c2f1bc13a978817"
"4db0f6979b61a6ccaade787cf93c75f8b57cd270","1141","empathy","false","true","2.345","5aa00e80dcc051a006922960aca730585aa63ef13ca7aa9d8d657158cab9bcfe"
"4db0f6979b61a6ccaade787cf93c75f8b57cd270","1142","detachment","false","true","2.045","9dd513e587a5d8033ec4df8218f7c2c8dbecbe711f5b23d71132d8d044a6b914"
"4db0f6979b61a6ccaade787cf93c75f8b57cd270","1144","detachment","true","false","2.945","072f79ea2a51df852c9af3194d899d63b1cdb293cf3f8ddc9e38cf9954e41b42"
"4db0f6979b61a6ccaade787cf93c75f8b57cd270","1149","empathy","true","true","2.180","5592e6284cb24cdb84a5f6f0bb1a72ca3fcaf65ecb709aa562d3d25a6a8dc087"
"4db0f6979b61a6ccaade787cf93c75f8b57cd270","1154","detachment","false","true","2.890","476552beea99218b4042af7893d23192a201b806a7b0b10b7406738eed33177a"
"4db0f6979b61a6ccaade787cf93c75f8b57cd270","1159","empathy","false","true","2.180","06bef073e5400d6263e2b7e8012d5259e9fba7128a281c6335bacc0167732473"
"4db0f6979b61a6ccaade787cf93c75f8b57cd270","1162","detachment","true","true","2.945","3253b0ca77370ce8b78867152d94fb4ccc1aa4fd9eb8e1d91b16da6a8eae1694"
"4db0f6979b61a6ccaade787cf93c75f8b57cd270","1163","empathy","true","true","2.290","993043b205cdee65fab99856faf82c282c6938443e5253784870ebc32c14592a"
"4db0f6979b61a6ccaade787cf93c75f8b57cd270","1167","empathy","true","true","2.400","7151614e3eb1bea00b64ada2851a32b3d9689cd11da40cdc83bec69b2857b9a3"
"4db0f6979b61a6ccaade787cf93c75f8b57cd270","1172","detachment","true","true","2.890","faf75f14d4c4967a49d0fbf0a8d2176bed3917e6805fa93fcbbb61de53a20e07"
"4db0f6979b61a6ccaade787cf93c75f8b57cd270","1175","empathy","false","true","1.390","ceb86b4774aa20e91138c6bef32ed3b46b6c780ffa287459a6cd845539aaa18f"
"4db0f6979b61a6ccaade787cf93c75f8b57cd270","1180","detachment","true","true","2.505","5099663e9fe36a07a90a3803bdc1925cbad1ebd0b7a85216fa04730343927873"
"4db0f6979b61a6ccaade787cf93c75f8b57cd270","1181","empathy","true","false","2.235","9322f3c783a88caede8058d0e201430658d991e1029a208244711f51cf182713"
"4db0f6979b61a6ccaade787cf93c75f8b57cd270","1185","empathy","true","true","2.400","808cb08e4a5807b6cf6ed5aea480f0af4b20286cf3e31da022ae23a7024f1f3d"
"4db0f6979b61a6ccaade787cf93c75f8b57cd270","1187","empathy","true","false","2.345","b97bd66f9c4f35d73e55e6a56160093c97964db8e77b02539b1bc93b20952150"
"4db0f6979b61a6ccaade787cf93c75f8b57cd270","1188","detachment","false","true","2.945","a1e534c42d814d833ba554e80416794baa82cf358d68f6190366ba5808ecb69f"
"4db0f6979b61a6ccaade787cf93c75f8b57cd270","1190","detachment","true","true","2.835","3e2edc7e60168c4ca578b820c5dda41ec219e27455d2bc8f0ebb5c2e2a652e12"
"4db0f6979b61a6ccaade787cf93c75f8b57cd270","1196","detachment","true","false","2.100","e1c7e990ab2730be978aaa3a5b571ba56f74336b0468e11f99e43e6de207b994"
"4db0f6979b61a6ccaade787cf93c75f8b57cd270","1198","detachment","false","true","2.890","317a220ebf2f5fab6b537ed38be94d1e459a10510e5bfc532a1754fbe01952b8"
"4db0f6979b61a6ccaade787cf93c75f8b57cd270","1199","empathy","true","true","2.945","0cb6c0361ab554072c284fa7365f90cb2c9414e9549116c30132839c8d8f194d"
"4db0f6979b61a6ccaade787cf93c75f8b57cd270","1203","empathy","true","false","2.945","f35e5387f6a43928d625fe08ffd9465130e58fde27adbcb109f9e0442542bf12"
"4db0f6979b61a6ccaade787cf93c75f8b57cd270","1206","detachment","true","true","3.000","ca1118a06cabf730e9ac5495b805dce1de31ecb33625f5e0968a7db878e7d5b1"
"4db0f6979b61a6ccaade787cf93c75f8b57cd270","1208","detachment","true","true","2.835","532d17d7d790830bbc7557d255ffcd8b334b1df02ffa394fee4bf609c0a45084"
"4db0f6979b61a6ccaade787cf93c75f8b57cd270","1209","empathy","true","true","2.670","351fcb7af3a4e67dcaf1814e8a31b58cf3c24a3038593b2e0901a3053dd1f125"
"4db0f6979b61a6ccaade787cf93c75f8b57cd270","1217","empathy","true","false","2.345","e34ee9ad1e65564d67eb2c652795e468ece70903fcb0d0dae92cafc148eeb96e"
"4db0f6979b61a6ccaade787cf93c75f8b57cd270","1224","detachment","true","true","2.890","2a0417b831b4ec1ea667df508364847fa0608aac879b4b616b53dec65b91ebca"
"4db0f6979b61a6ccaade787cf93c75f8b57cd270","1226","detachment","false","true","2.780","10e50c0d82e20e0c57c1b8af1f960c2ac6e89baa1de672253b323708a2ceabd5"
"4db0f6979b61a6ccaade787cf93c75f8b57cd270","1231","empathy","true","true","2.070","cbeb95bfaf53043daa089280e24565e9ebef5f97f959022e028ed92adcf2f4ef"
"4db0f6979b61a6ccaade787cf93c75f8b57cd270","1234","detachment","false","true","2.670","095f22482d6ff4b224d355e9cc2df3f6ecba269332f56b65e548a2d746d5933c"
"4db0f6979b61a6ccaade787cf93c75f8b57cd270","1235","empathy","true","false","2.180","4d1c99aa691998618c07c6552c7a3ff9010917de160b2c006b5130d639db2702"
"4db0f6979b61a6ccaade787cf93c75f8b57cd270","1239","empathy","true","true","2.290","d359acf8338b5c61a500746ce6534c8cb544274295ee758c650fca092c848b2c"
"4db0f6979b61a6ccaade787cf93c75f8b57cd270","1242","detachment","false","true","2.890","06495bd9a759c101389dd8434ab431c84b202bba17a086b0489c6d59021ce404"
"4db0f6979b61a6ccaade787cf93c75f8b57cd270","1244","detachment","true","true","2.835","08a103931cde03519fb54527baa0581ce99774ec09e704349dfe7424d5dca4a8"
"4db0f6979b61a6ccaade787cf93c75f8b57cd270","1249","empathy","true","true","3.435","d5422f3dda26f2c2c50e5dceae9944c5ad5e131a6b16b1aa310b0a367fffded5"
"4db0f6979b61a6ccaade787cf93c75f8b57cd270","1253","empathy","true","false","2.235","e683a341aa3bfec449309f68645214d296c6e1efafc563745e0c0f538e5ec61a"
"4db0f6979b61a6ccaade787cf93c75f8b57cd270","1257","empathy","true","true","2.290","5337f4d5a293f054f3dbd6c995effb9a6f934192d4348c6a3502c723efb76b87"
"4db0f6979b61a6ccaade787cf93c75f8b57cd270","1259","empathy","true","false","2.345","751fdb61f1738e65a55ce8a26e78884518d011d01952e5e943fe019e0d4e392d"
"4db0f6979b61a6ccaade787cf93c75f8b57cd270","1262","detachment","false","true","2.945","c0ace131333a51131b2848be8334e74045206e3a87e5847ee29046629cf6f06a"
"4db0f6979b61a6ccaade787cf93c75f8b57cd270","1263","empathy","true","false","2.235","05487a6bab90f2573a51a2e600fbcc14c051d05cdae38a865653d8d30ef3e07c"
"4db0f6979b61a6ccaade787cf93c75f8b57cd270","1267","empathy","true","false","3.545","f4299f92b1c3da11ef660b010b591d1cee572eefdc16063322becf72e5bade62"
"4db0f6979b61a6ccaade787cf93c75f8b57cd270","1268","detachment","false","true","2.045","77d44c1c7e27496a40a4979d75a150e581ce6a46d28f067f37fb145375bcd8db"
"4db0f6979b61a6ccaade787cf93c75f8b57cd270","1272","detachment","true","true","3.000","5e3543c02a7032d439104981d0b965236ebb6c659ce033a6bc249bbe3ba41f42"
"4db0f6979b61a6ccaade787cf93c75f8b57cd270","1277","empathy","true","true","2.345","1134f60468acc10e30dc4edd6a1cbd8ac19e2fd1dc88e322b6df43a9c0de0375"
"4db0f6979b61a6ccaade787cf93c75f8b57cd270","1280","detachment","true","true","2.835","53e050c5d99c6c61b427fa2ed0dd01c5fa663b7d21b0f6479af3ec6cc3a76d75"
"4db0f6979b61a6ccaade787cf93c75f8b57cd270","1281","empathy","true","true","2.235","8133c44798149fe55613bc00af915deab4d30d03edda6c93fbd0e7a712afbf85"
"4db0f6979b61a6ccaade787cf93c75f8b57cd270","1285","empathy","true","true","2.890","147e4ca99b855f65b7343efafcc33e22911b48c001a8830b4ab5a3e4473f7d94"
"4db0f6979b61a6ccaade787cf93c75f8b57cd270","1287","empathy","true","false","2.125","a0ab0ae694c7bc05dac16c1f3ec31a7a459143f01285568163b54e7ea2368d7a"
"4db0f6979b61a6ccaade787cf93c75f8b57cd270","1290","detachment","true","true","2.725","71c9bf4e3511c8bb39a3ad889fc351943300177cd5e3303b54275dc9887b4479"
"4db0f6979b61a6ccaade787cf93c75f8b57cd270","1293","empathy","true","true","1.600","8caa506f5ffd0ec0c9ba379cb0d4c82ea909165c620f9871a704003bb4d452c8"
"4db0f6979b61a6ccaade787cf93c75f8b57cd270","1298","detachment","false","true","3.000","287d7dc2990662267b0043e9f69cd85aa1a0428932f65d45d13ade7b179e5085"
"4db0f6979b61a6ccaade787cf93c75f8b57cd270","1303","empathy","true","false","2.890","0be0d240d500b08aa4d9f388586b70451044fa57e3b48236eab4b9bca43852a9"
"4db0f6979b61a6ccaade787cf93c75f8b57cd270","1308","detachment","true","true","2.945","a1551e61a202a606002a4d2f17de6b840c4ec69484401d83f3158392ad4b8ddd"
"4db0f6979b61a6ccaade787cf93c75f8b57cd270","1311","empathy","true","true","2.180","21023c20b11461c28ae803f9684d61bb83cedd18c6ff9734e02bcc854b3168a3"
"4db0f6979b61a6ccaade787cf93c75f8b57cd270","1312","detachment","false","true","2.100","9e83b4df7c3f4f7ca67df944574c2f9ad374659f2f46b6c57e740b76b8fb4144"
"4db0f6979b61a6ccaade787cf93c75f8b57cd270","1313","empathy","false","true","2.180","05a8a666ad4e5cb2b35f7bf9f2639e26692671fce86c6d6cdd96a638ffc04273"
"4db0f6979b61a6ccaade787cf93c75f8b57cd270","1316","detachment","false","true","2.835","f356da688eb03c89abef4282aa4d01d1c9958b89888d4c7dfd93b8408fea0380"
"4db0f6979b61a6ccaade787cf93c75f8b57cd270","1321","empathy","true","false","2.890","a8ddbf80adb578fe3fed706ecd54de26a47ba0c56e7b3abfd5580aacf4634a86"
"4db0f6979b61a6ccaade787cf93c75f8b57cd270","1323","empathy","true","true","1.380","5a28e025a91c191ec25a321341f026bf9762a04e5f6b54a089290fead75133dc"
"4db0f6979b61a6ccaade787cf93c75f8b57cd270","1329","empathy","true","true","2.125","c2d715410c0055c6293bf24ce6a24b58784ca5337eb3c6f480b2c08540dad971"
"4db0f6979b61a6ccaade787cf93c75f8b57cd270","1331","empathy","false","true","2.400","07147147c469199efcc5c22200775ba89d4bb05ac0f0f5d31d610c7cc075a975"
"4db0f6979b61a6ccaade787cf93c75f8b57cd270","1334","detachment","false","true","2.890","5201fff4a3ccaa2e00e1a17e3651d62e0678793d8435c0aa352bb66ed356df03"
"4db0f6979b61a6ccaade787cf93c75f8b57cd270","1339","empathy","true","false","2.345","f3b90c8355960c0a5f5a4e69b0699f37056f9ed2ba714ba9e94824fe46d87785"
"4db0f6979b61a6ccaade787cf93c75f8b57cd270","1341","empathy","true","false","2.290","46a1d1378387ff11344a6de8e17946b467679e94b9ec463444df757ffddcd517"
"4db0f6979b61a6ccaade787cf93c75f8b57cd270","1344","detachment","false","true","2.670","7fbfd0c68e1bbcf89368c52c99971de8e32cc78b7ac0967c51c44a1ec02a95e2"
"4db0f6979b61a6ccaade787cf93c75f8b57cd270","1346","detachment","false","true","1.990","1a364767e63be5e4795eb420318a6c410aef531b5ae23af3103dc3d9ce7c918a"
"4db0f6979b61a6ccaade787cf93c75f8b57cd270","1347","empathy","true","true","3.380","5151b0559f11e86bfc9ad0557f9f6f4d0aae152728e70a654076b6188619ba22"
"4db0f6979b61a6ccaade787cf93c75f8b57cd270","1352","detachment","false","true","2.505","bc2912f9f8a0a620fdd5026325c12d98a15e29ab6c89bddf934f5b13902ab961"
"4db0f6979b61a6ccaade787cf93c75f8b57cd270","1359","empathy","true","true","1.960","0adfcf36b3217477b6456c1b8fdf286bf088843819297a840f5ed280fd7ae93b"
"4db0f6979b61a6ccaade787cf93c75f8b57cd270","1362","detachment","false","true","2.835","72b9df61b3b22ebed820efafe900394fd24df93226eee36ecdce2f5cc0c424e0"
"4db0f6979b61a6ccaade787cf93c75f8b57cd270","1365","empathy","true","true","1.960","31247c038dbcc8dc5376f39309c559e477a99d3575a8f17817e9c31f86d93f8f"
"4db0f6979b61a6ccaade787cf93c75f8b57cd270","1370","detachment","false","true","2.780","ec3c4232147d8f0c980afa5be36517ecd52a6c95464dc3d15254c24b9bb27bc0"
"4db0f6979b61a6ccaade787cf93c75f8b57cd270","1375","empathy","true","true","3.490","eefa928192b9b5082c19707437f1165a5d12610155afb7b6cc8e2d87ebd88125"
"4db0f6979b61a6ccaade787cf93c75f8b57cd270","1377","empathy","true","false","2.180","c78278af0cb0fd60babc3eac0b5dc96ca60a2d01ea6e575ba4f04e2e2a16efad"
"4db0f6979b61a6ccaade787cf93c75f8b57cd270","1379","empathy","false","true","1.335","1b2441557143b1ca9be1b9a73dfbab09aa3edd47d7c195f64dc64243aadf0d33"
"4db0f6979b61a6ccaade787cf93c75f8b57cd270","1380","detachment","false","true","2.945","b23875d84fa7a672cc9ffdcab6deeecbd426c0ec7e29d310f004148a2f882d67"
"4db0f6979b61a6ccaade787cf93c75f8b57cd270","1383","empathy","true","true","3.325","383417a8e6718f3f205ccafb2488e7f2757ee983d9fcee1f6ce9fdaabd7dc82c"
"4db0f6979b61a6ccaade787cf93c75f8b57cd270","1388","detachment","true","true","2.725","3ed6ef0dcee7514942051b87314bf7b7dda6044e148e7a0f7bb80e7387a0b3ba"
"4db0f6979b61a6ccaade787cf93c75f8b57cd270","1401","empathy","true","true","2.015","bf0d5054df6c9fdbc63007411b8036344373f13cb62f431a60c48c6cf533b521"
"4db0f6979b61a6ccaade787cf93c75f8b57cd270","1406","detachment","false","true","2.780","6b32acf60235e04d1073812c964ba7fc81ef81ee70c329c8f534a41cd98b91ed"
"4db0f6979b61a6ccaade787cf93c75f8b57cd270","1407","empathy","true","false","2.180","fff20f8ea643e515c948579179f76349fe0c33191cbdd09d04503d2f3447541e"
"4db0f6979b61a6ccaade787cf93c75f8b57cd270","1411","empathy","true","false","2.780","23e0cc36de6d4f54dc6ab6c76446c48a0ede55b90a8b0f33bfd4bbc423b9e611"
"4db0f6979b61a6ccaade787cf93c75f8b57cd270","1413","empathy","true","true","2.235","9f86ed7602d84e78af26e78a8a3839d91460bfb9cd4c1dfd9670535a1ce1cf06"
"4db0f6979b61a6ccaade787cf93c75f8b57cd270","1416","detachment","false","true","2.725","843f75abf636dd105cceaadd56eb111e75045f40c32fcb84a8e881f9ea8d8639"
"4db0f6979b61a6ccaade787cf93c75f8b57cd270","1421","empathy","false","true","2.180","1ff2848592914afdf1671b62d31f44780af158f9ba79ff83c92eb194a005947b"
"4db0f6979b61a6ccaade787cf93c75f8b57cd270","1424","detachment","true","true","2.835","3a752989e40959b18b1017924939e0664edadb2709bf6fc1ba32821245fa5ebb"
"4db0f6979b61a6ccaade787cf93c75f8b57cd270","1429","empathy","true","false","2.235","2d398950b56b4c71e62e10cf37dc9e356a257215dadb8c6627363a223a0d0758"
"4db0f6979b61a6ccaade787cf93c75f8b57cd270","1434","detachment","true","true","3.600","f07f0795969d25800a4fa49354616327aab79b4505a939aff81c8cac12d78471"
"4db0f6979b61a6ccaade787cf93c75f8b57cd270","1437","empathy","true","true","2.125","64bd985404eea08f71cabb4c1d2a3a47c42f150aca9c06f8373186880c222f6e"
"4db0f6979b61a6ccaade787cf93c75f8b57cd270","1442","detachment","false","true","3.490","fca840bad2f585f85c171165deb372623e23c25b0cd6a7a1871d069eab2ca937"
"4db0f6979b61a6ccaade787cf93c75f8b57cd270","1447","empathy","true","false","2.615","51b05d076f01c37da93faacc23f90b84f81d387d67c6db0ffe9e6ee9fcf8acd6"
"4db0f6979b61a6ccaade787cf93c75f8b57cd270","1452","detachment","true","true","2.560","f7b6dd21fbebd30ca8e4d5606911a72fb307a6e51d5ab9cd87c5c97d29779efe"
"4db0f6979b61a6ccaade787cf93c75f8b57cd270","1460","detachment","false","true","2.780","9bc0a4c1176aed264a75773f13bc82cac5cb59aab1a34697414daf729845e5c1"
"4db0f6979b61a6ccaade787cf93c75f8b57cd270","1461","empathy","true","true","2.125","58ffc9d0a964133b6e7c806f652c711ff90f1388a54ec5a3005a501d5f594c72"
"4db0f6979b61a6ccaade787cf93c75f8b57cd270","1465","empathy","true","false","2.290","bbb2ddc37322e71f3018c1412ecb99fc8321bf4710433aa94acd237e1ff8dfad"
"4db0f6979b61a6ccaade787cf93c75f8b57cd270","1470","detachment","true","true","2.835","0aad6c3bf394b1ca6bfeb3c1d15bb13697c2b8fdaa482afdfa9c81322786ab70"
"4db0f6979b61a6ccaade787cf93c75f8b57cd270","1475","empathy","false","true","2.345","87a884b47cfeb34e8c760ed761b5c806ec6e1e7ca9d2091851283d02f2177035"
"4db0f6979b61a6ccaade787cf93c75f8b57cd270","1477","empathy","true","true","1.935","77303fad0bf9ebed778242e17a92fb22f1d6b6ac996d145c7f0c265b15c1603d"
"4db0f6979b61a6ccaade787cf93c75f8b57cd270","1478","detachment","true","true","2.670","5da6def7cf245e3eb27bfcf2d336c50cebf95da2571dea25b1d18988337290fe"
"4db0f6979b61a6ccaade787cf93c75f8b57cd270","1483","empathy","true","false","2.945","9d52e9e3bdc9c4eda248657c131915b069f9b50eeff11a25d3c5520a3569573a"
"4db0f6979b61a6ccaade787cf93c75f8b57cd270","1485","empathy","true","false","2.345","3cf63829a1fb177fe18e754d60fdefef3f72e4a0a99bfec99efeaf17c00c42d0"
"4db0f6979b61a6ccaade787cf93c75f8b57cd270","1488","detachment","true","true","2.835","5e9d8cfdcd73fae9410607a48f726c681a3ae436aadb949b635b1c0d924aff56"
"4db0f6979b61a6ccaade787cf93c75f8b57cd270","1493","empathy","false","true","2.070","2fb588f18a1fac794a8009351cbb3b33c5b9597d16689df4cf67593f8baeea04"
"4db0f6979b61a6ccaade787cf93c75f8b57cd270","1496","detachment","true","true","2.945","1f655f27fa8c10a7a61956e4e38b7b5753459bef588337fe88861a7fd6985778"
"4db0f6979b61a6ccaade787cf93c75f8b57cd270","1497","empathy","true","false","2.180","f3bec01685f21379849bc588965f74acd8748d5cf3c15d01eae203601cf43abc"
"4db0f6979b61a6ccaade787cf93c75f8b57cd270","1500","detachment","false","true","2.045","2ef8e624e362e67c89315bdcf0c980ed4a25ce7798666c2618c3fe344d70cc25"
"4db0f6979b61a6ccaade787cf93c75f8b57cd270","1501","empathy","true","false","3.000","503fa4d72bdc54593f92240b14c1d59c0926639282806e0bcc83c7b51f542749"
"4db0f6979b61a6ccaade787cf93c75f8b57cd270","1506","detachment","true","true","2.945","e9272827b9727fd45885622426e71689d6bb7ee88833505839b71107c184b561"
"4db0f6979b61a6ccaade787cf93c75f8b57cd270","1508","detachment","true","true","2.045","bdefb09f16e8693ff705fd50baba9cf420275f77250e16a92ad35f7ca1c8c9fb"
"4db0f6979b61a6ccaade787cf93c75f8b57cd270","1509","empathy","true","true","2.180","a8aa673b5c1396279413aacf8816894ac7ea75da18d156350ca00803cd29a11e"
"4db0f6979b61a6ccaade787cf93c75f8b57cd270","1511","empathy","false","true","2.125","2789b62acb94b03d07068d415abcb460d5d8774dfedd20d0ed6d1df0c5362fb4"
"4db0f6979b61a6ccaade787cf93c75f8b57cd270","1514","detachment","true","true","2.780","f9909cf6b2dd595065e00bd71d249c500a9be73034b587b97bdae779a758b3bb"
"4db0f6979b61a6ccaade787cf93c75f8b57cd270","1527","empathy","true","true","2.290","79f33e0440edde715e1d759cc5f844f2f8ebd456df284023d781beec2436f43f"
"4db0f6979b61a6ccaade787cf93c75f8b57cd270","1529","empathy","true","false","2.235","1f82b6009b51f04c24969fc78825e9c7cafb5d329404c0884d9e4d68171dfc44"
"4db0f6979b61a6ccaade787cf93c75f8b57cd270","1532","detachment","false","true","2.945","2689cf451bc2ce6f925dbeff138ca1dc730c7f471177519df58254aeabc3a530"
"4db0f6979b61a6ccaade787cf93c75f8b57cd270","1536","detachment","false","true","1.935","a365e93f381cd1465944914a1c93f2c74159c5820020b1fa8a38ca1f5e9786bf"
"4db0f6979b61a6ccaade787cf93c75f8b57cd270","1539","empathy","true","false","2.400","97f9ef83cc18f462fb991d0324eb61b88c65b443deba2ecf22566b89eb0475dc"
"4db0f6979b61a6ccaade787cf93c75f8b57cd270","1542","detachment","true","true","2.780","b7670f61f8cf1593fbcf2a45bc304aa8099df45f9194d2081bd523c470e76307"
"4db0f6979b61a6ccaade787cf93c75f8b57cd270","1545","empathy","true","true","2.940","0ce84b19977eaf18244d754f2e238481eb3a73631de1edfd3b941edf42ae8df1"
"4db0f6979b61a6ccaade787cf93c75f8b57cd270","1547","empathy","false","true","2.400","bfb2276aaeefbb4aa27e9283fad13d9d51a9b666effb0dc0ad69efbdcf598ba2"
"4db0f6979b61a6ccaade787cf93c75f8b57cd270","1550","detachment","true","true","2.560","067c87a944459e6b6efe4c7e00d812dabf4c7837e3f537c2f34693882fb0baf0"
"4db0f6979b61a6ccaade787cf93c75f8b57cd270","1552","detachment","true","true","2.645","87ed7d9d99a78e6775e1ff03171a3dd3ee099f45679ffe2888d36f88f1cebf6d"
"4db0f6979b61a6ccaade787cf93c75f8b57cd270","1559","empathy","false","true","1.170","4fba0a97e845666eabbdf644405c97cce3744f5092bd0723f62cf81c93e4f247"
"4db0f6979b61a6ccaade787cf93c75f8b57cd270","1560","detachment","true","true","2.285","8f8c8d17f5d41d136e515c0d1b661bcf7efe3e27b0080da4891ccf7e6321d713"
"4db0f6979b61a6ccaade787cf93c75f8b57cd270","1568","detachment","false","true","2.780","67b7d69fe92fbf5f212e50ab254e255054efda460c247ab2f7edfe79b2bff278"
"4db0f6979b61a6ccaade787cf93c75f8b57cd270","1569","empathy","true","false","2.180","7a068d91e769c45a54696b00801bb3f8b7d756f88da2f1b2362e04a069115d61"
"4db0f6979b61a6ccaade787cf93c75f8b57cd270","1573","empathy","true","false","2.670","569b7dc3d970b1e366302126f9e66a89788fe04f1f8c74cdbf5e4d012b89aa47"
"4db0f6979b61a6ccaade787cf93c75f8b57cd270","1578","detachment","false","true","2.780","2b5719749f8b2c43e5a60ce5f9dbc8c10cf899e603daebc8839f369166671f45"
"4db0f6979b61a6ccaade787cf93c75f8b57cd270","1581","empathy","true","true","1.905","ecc2c5e29f25f369e64834f430e4c9eade6cf8b467b49bb5010d5ea673033415"
"4db0f6979b61a6ccaade787cf93c75f8b57cd270","1586","detachment","true","true","2.890","04cf9ef93a7658e84931246e5c49728a9fd160a79ee3e426f295a090f556db2d"
"4db0f6979b61a6ccaade787cf93c75f8b57cd270","1587","empathy","true","true","2.125","1968f017bc2398443f96abdad3085b910540950bca4ca9d9c3c436c140a98f27"
"4db0f6979b61a6ccaade787cf93c75f8b57cd270","1588","detachment","true","true","2.645","a702bf40a532aa3872916674ced999ad664bdb8edb4bc3b19a6348d666265ca9"
"4db0f6979b61a6ccaade787cf93c75f8b57cd270","1591","empathy","true","true","2.125","4c767040db0abc8bf0e79f35aae3a9ce264ffc305ef089c3fd8abe57fa262bd0"
"4db0f6979b61a6ccaade787cf93c75f8b57cd270","1593","empathy","true","true","2.070","638f03d20e8b016a2013d4214f17f8a0d37a239e9e5ffaefa1d7c02232ea8720"
"4db0f6979b61a6ccaade787cf93c75f8b57cd270","1596","detachment","false","true","2.780","50d82d0be246017196c83a5b07d72d75866f181e53f18df09357464485036276"
"4db0f6979b61a6ccaade787cf93c75f8b57cd270","1599","empathy","true","true","1.960","b65dc77a912c5dac7507bab0772b8a926642b87b094c943be7f208e8448f8905"
"4db0f6979b61a6ccaade787cf93c75f8b57cd270","1603","empathy","true","true","1.880","c30ebe2a1629903752a632761711a2ea2a8e1d8c3340c095a3fb616ba5cceccf"
"4db0f6979b61a6ccaade787cf93c75f8b57cd270","1604","detachment","true","true","2.780","91a1da5304567cd8bb939ea0825d5aa9407c86b6f7b7760af747750815647bda"
"4db0f6979b61a6ccaade787cf93c75f8b57cd270","1609","empathy","true","false","2.725","4bf69cd03aa5d405f6968253a2b5a9825cd6ae797a7bb235205b3f96fa98a567"
"4db0f6979b61a6ccaade787cf93c75f8b57cd270","1614","detachment","false","true","2.670","a9d5ab0ee8cc4b141cb1ed412d839a29fda2a047e7dbc07c87a2c55259cc2812"
"4db0f6979b61a6ccaade787cf93c75f8b57cd270","1617","empathy","true","true","1.960","37d27d675624baece549f65a7df04eaf662b5754b66c0d4189758a24c5128279"
"4db0f6979b61a6ccaade787cf93c75f8b57cd270","1622","detachment","true","true","2.780","19c38296f71bb9eaae5a16b51313ccf377340800362c1a562da72bb0208e4b11"
"4db0f6979b61a6ccaade787cf93c75f8b57cd270","1623","empathy","true","true","1.905","907301043a04e8c2af08a451fb21d7083eedbc756b4a348d972b0101f60ba0a3"
"4db0f6979b61a6ccaade787cf93c75f8b57cd270","1632","detachment","true","true","2.670","f247317b7ac6d2d9a56b4963a0b212f78f003e83b5d544bdd97319294e81ab16"
"4db0f6979b61a6ccaade787cf93c75f8b57cd270","1640","detachment","true","true","2.725","19f33ea1b94b94322b943435e1471e3eaaf9edb5826309550c61ef597f11cfd6"
"4db0f6979b61a6ccaade787cf93c75f8b57cd270","1647","empathy","true","false","2.450","979fde2893b24e5110c59df14829c00a679bb5736b76d94310948fc5a981b455"
"4db0f6979b61a6ccaade787cf93c75f8b57cd270","1650","detachment","false","true","2.450","3e1dc4f089625821d53bb8a788c78932963978d78be8fb625ab1477caf125694"
"4db0f6979b61a6ccaade787cf93c75f8b57cd270","1658","detachment","false","true","2.560","0e1d2dbf813e2fdc911bf6d1f97c0946ffc3a5df923bc9941b6b7b4dfbf41b08"
"4db0f6979b61a6ccaade787cf93c75f8b57cd270","1665","empathy","true","true","2.070","810d00dcc10ffce4bc5ed949ae9842f007b1111d6646228b3ce04253566847ba"
"4db0f6979b61a6ccaade787cf93c75f8b57cd270","1668","detachment","false","true","2.505","7b233ed26ed8d02e4f6835c140b62b435a67204c9357da50c7ac039c9d52a641"
"4db0f6979b61a6ccaade787cf93c75f8b57cd270","1671","empathy","true","true","2.125","bdb7b5dcb2584c3cb314bf7e54bebe0bb63493e441bee8630d2d8825f0832224"
"4db0f6979b61a6ccaade787cf93c75f8b57cd270","1673","empathy","false","true","1.850","85ebe5334f8505f67c47e255430d1449046ea177ec014d018746cc35e0be79b7"
"4db0f6979b61a6ccaade787cf93c75f8b57cd270","1676","detachment","true","true","2.560","e9cbf7bb44152400a7f456fcb6f5a6aa85907c5b98fbcf623a7109bb919b2735"
"4db0f6979b61a6ccaade787cf93c75f8b57cd270","1677","empathy","true","false","2.180","11101b44826cd774aec5fb12e3de0a8244df6a120e67b5fe099f6430f417652e"
"4db0f6979b61a6ccaade787cf93c75f8b57cd270","1682","detachment","true","true","2.100","24dc548457cb06823e5743fc122bb760ab966f4c29bc8e577b2de4f6e8a21a67"
"4db0f6979b61a6ccaade787cf93c75f8b57cd270","1691","empathy","false","true","1.960","4543d849e9ee736a4f2e0b94fef15bec873a87c6b11c028ff942cac1df776496"
"4db0f6979b61a6ccaade787cf93c75f8b57cd270","1694","detachment","true","true","2.835","0fb51528ea6cd203800b3f09eaf9985cb99f1317c90a69344738e1c305b17554"
"4db0f6979b61a6ccaade787cf93c75f8b57cd270","1699","empathy","true","false","2.125","ed392f7f5041fddcb6fbc0b045778f2a542cce3302e955a4ff19a5790a71d71a"
"4db0f6979b61a6ccaade787cf93c75f8b57cd270","1703","empathy","false","true","1.060","33b2b66af73b5f5969c7800a015a4d2240ff46f89a2d7215d7448661d90b715c"
"4db0f6979b61a6ccaade787cf93c75f8b57cd270","1706","detachment","false","true","1.990","ea8e500338a10f1d2062c7f7b9b4a44705e2e12fb664747a3074015fe9647802"
"4db0f6979b61a6ccaade787cf93c75f8b57cd270","1707","empathy","true","true","1.960","9b4152e1c2dd918bd30c983bf03cbf9703502cd7b667194ea84e5a7fff252f6a"
"4db0f6979b61a6ccaade787cf93c75f8b57cd270","1712","detachment","false","true","3.380","902d03b59eeb27494309d4718bbc27f984480ec7c3b39e7eff3399c718ce7296"
"4db0f6979b61a6ccaade787cf93c75f8b57cd270","1713","empathy","true","false","2.345","4272fdff9258a7f87ddf382ddbb38f606bfb64aea52df313c2b6de85f0d638d4"
"4db0f6979b61a6ccaade787cf93c75f8b57cd270","1722","detachment","true","true","2.670","45d288b12d7295486aeb1fa5e72c72200e9725326a2ea507c679d28b7646d6d5"
"4db0f6979b61a6ccaade787cf93c75f8b57cd270","1740","detachment","false","true","2.995","f3caaf58528d5e4eab1274765032bd472a8bec2bb97d312221e9cc2dd01b8f14"
"4db0f6979b61a6ccaade787cf93c75f8b57cd270","1743","empathy","true","true","1.850","6549b1ba30ffb95ba322dcd8c9bff9f7f2869bc871d0200170811422fbd88d1f"
"4db0f6979b61a6ccaade787cf93c75f8b57cd270","1748","detachment","true","true","2.505","5adb6d68ce220b05f65c9adf17aa88d88a4c4a04e598c95b3aa2aa2002ab41cf"
"4db0f6979b61a6ccaade787cf93c75f8b57cd270","1758","detachment","false","true","2.615","c1d430667c7edb65a24ac0d6c7a507eecf672c0446b814c47bc226904be03fd0"
"4db0f6979b61a6ccaade787cf93c75f8b57cd270","1767","empathy","true","true","1.905","8ef75c70bbc88bf2c6b963c5cc9ab3282d1b89798f6fe0b91aaee8259dbb7089"
"4db0f6979b61a6ccaade787cf93c75f8b57cd270","1771","empathy","true","true","2.070","9ce282b4e7855215944f950d49ebc99289c2d6366dba37bfbb66816380adce05"
"4db0f6979b61a6ccaade787cf93c75f8b57cd270","1776","detachment","false","true","3.160","b6838ed2c25edc00de05bb3a5133f0c467b2fb3c2394a68ac6f1c91e471a5c6f"
"4db0f6979b61a6ccaade787cf93c75f8b57cd270","1779","empathy","true","true","2.340","1f18626aa4d0e6ee21e592acca98dae80e162130ce113525a8cb6f2e10e7a9cc"
"4db0f6979b61a6ccaade787cf93c75f8b57cd270","1784","detachment","true","true","2.670","6acdaccaa265a1e567ed7d0158cc31964dcaa36e70cd5f0e1e557eb3e117f449"
"4db0f6979b61a6ccaade787cf93c75f8b57cd270","1785","empathy","true","true","1.905","d315a4558e2c8da5ada314a0ebcf62c03bf523858f1262634df90537353f7518"
"4db0f6979b61a6ccaade787cf93c75f8b57cd270","1789","empathy","true","true","1.740","9bd6a64cb820ca0ac38b485c7e6031d937b1ce538983f76d032e3cc3562b8549"
"4db0f6979b61a6ccaade787cf93c75f8b57cd270","1799","empathy","false","true","1.905","97aecc929442e6c7e2bfe878747941f59dd34690aabda1ee261721389be95b9f"
